id,a,b,ciphertext
c01,173,0x14509ba017c683b73d17fbf5,0x4ac7958b6a8b697d43a5ff323d478628d66c39ed14613a7260bbe186d0c6771d215ef64121f4daa970e092dafb0c832685fddbf6dd3877cbcc851f456c062bd5c069c131f3f1ee12ece120ab02387f3136e09d62fc03188f
c02,159,0x7f4af06eaded1e39f9931f11,0x13eaf5f756697f8ab39507f01a5bd6dd900ea0cad3bc34744b1ea248877297ae69930f11e5668187df6ee27afd6cad3d4f2e002f8237ea15e8866b023552120909f1c1838cfe92a68e75f70d93536f29bcef373545e13f8b
c03,49,0x5196a0bdde48f564377e429b,0x2ef93f27f2c64696b15c7dd0bd7246ff9d83ee6045eaef0d3f31f256ca65ee2fcd147db35837c831bbae33ea02abdb2fb39f51a1fa317b03ca5fd608d667048f00094f25b4c0e2e6c816fb62c3ba90d8cd595d178ed90062
c04,193,0x5b5b4ae9047a8e2aa39707d7,0x84de7550052e6f1cb14908eb626fe20bbd84ad033270bec6515275d716581f5b0381f6ef2dbdf32042053cc0792b2b8f33f61a72dfbe8557743d85e41a22d8ee2cbe9cd04226cebc13c809bb13d325545c5c9f564c329274
c05,63,0x2435ccb2cd7587fb65bd49,0x80ec1279334edad28af2cd16906e70f3b008ae6170b50a903e9181bae74e13f906cdafc35d1444186ab5b7e672d4896fec320fea56a3be1073790a7ad5eb25744ebb557caa1bce27991f3a088f3fb28b2be6a337dc3bb345
c06,7,0x4529a4b3c06b62b0a5bb3985,0x4f4e72fee3247b53e6de10cea10b1c6863bf5289a7ae1e633c88eb54831430dbb75982eb494c9040967fd4bc416e05f0aaa20bec180833c070994ed1b6460d5e23969520b453d436fceec5adb2575ea443a15c1431c5621d
c07,27,0x3099b4bb6d2ff4af1db14a0d,0x65b746852accee8722e10800ec89150af99843cbb2955a7cb7355a4209fc006e7d0bbe1b6aff96edd30792e314e2cc3903f58bcabaddb8be16b53c2519cb5ec0ccd807798e03e516863c819666cf446ff036dd9d91ba0b5b
c08,143,0xaedb3ed54d169f6c2330c81f,0x30f94178ae3bc55e824952d23c6cce2808cfe1b50d17200aeb8cc829dc213ade11886b19a24755d801c2b4b066e552f978953dcda595529ea1b3d4d6840407512121c085e2a914f57c95d55fa1ace3840bda9df401caf6e8
c09,71,0x91e7db3103ed47016d130999,0x45c9e0cfac271b407fe03e279f8a291500318b186205df7b673ef13db5760cf34a325637307d446ec2ec385a8fc069e86d13c33c6c23598b32c388f73179adb8f0b857f3c368ab3b0890f8bdb539a707ba8e62ce530d9606
c10,31,0x9dd94acc6b4b7e68745841ef,0x78342f0c4657a5e8e741c3d384a3f7046c8acab39c98104adf03a74efdc78258897fb4fe2dae4691f34b329b065957e6903bd70a030eda880430edd88ed807dc270fdf01b1cac8761561bdfdb87ee2f2d132e9156de0957a
c11,217,0x350238cf38c6ab507756ea4b,0x21e8ced179860ba5fa63bd91902e5564a412d061bf7b0f31a2311c25dddb3ba668c4fd1cc06a1303bcb73cdf6c3b1590d3edf87f8217ef715c75c921c64b3cf3f12e2015bd320322a931f736781489cc7529f296f9287db5
c12,97,0xabb7d82b1592e0f46a5e8e49,0x835f94dc27369bbae657f76d7e13876bd7a234949ec44fd1e858d11de856779751d07805ece944082c4baf7675d0a1b219648bfec29b18cd1e22e9dc32ccf52a13a6eefddcbae6444ffee72e0451524b945dfbb25a7f2795
c13,73,0xbec7689bb12a8347216215af,0x6632a3cbd9740705288428527f9552022b8c3f615b653eb9c78792bc43165b4ad9fd4f6e8fda5c9dac95f529476c490060b392bb1669a646a8065a87bc8ce445e693e3b072754e265183372c734abb3eb4f132f6085d3d69
c14,127,0xa94654caade570457d1bfcef,0x309a1deb25e992123d8cecb8fdefb14fdb77f9f71da36e7d1e257792c0b328f148eff9f2ace24f8ad5ce2b2b63de018af494d448bd651049ed413b2cf520bd0d1ff6857c78917d982667d0e167464e3d86e1228d26abb5a7
c15,199,0x914ae9ff0e842511e1a9de9f,0xd405a9e153c28b6c6537945b9c652f05583fc1840f89d6c9f34e58dc3775d010415fd4680f720a05d663ed7a2c008e5077509719d78e52d86ce974fa9877baa1281e8e637569eebb3b6779e7c8605a704f4996adaf7ab1d
c16,173,0xb87b4cae81cfdd0168ad45e1,0x10ec51c0de7d9899ab60601c1113715151a4efabc465e8704254a7c9b21dd6c0dbd51307a59a681140fd48992f5d582c8eda74b5279e5fc3b753d7e4ba6b8623b511e75fd62c85e7b1fdc67ec6b7a38f4c2f9795d227097d
c17,5,0xa53a450d431f123c454f8c5f,0x776790f77be4469dfe0b1f978c7176461979a6f59d145c219d76be7b2f0ff27af3f5d3613eb242ccfcd45d5131fdb0cd9e9935af1f6b4b06f1dc45fdc8a6525c1738e64c37b699c92777ef8a071effe8d494fb7b7aa124bc
c18,95,0x479ad25cbd987d6ea60285cb,0x6122d4dee8b363f59f37e5f123cde98c58862b8b016c0555707fa6cd531ac22a2e357582398a08271fb4e71d743a451e9f0cd4a376e7e4b82bd41ddcdd20f81ce2dcd79b6aabe0d50e10a0a1090e319877cb8746582e7f3d
c19,7,0xaba795235d4606de8500f0f9,0x14a39da86c5b9c5cb5775adb5052d3bf529f919f6ef352a9b60b5f5ebce63937ef6de4f0e72b006595e73767a6d4b7bd4f0bf3d3ece8aee1dcc0a46d442a4e63b4da8855e9289ed4693ce67d68a3280e4ee3824adef13765
c20,211,0x4c73adf1d83ccb8be624aaf5,0x507d12c7c2df2af85adb17a4271af95cbcadb9e0792deff1d1972bd8a3a21ccada4def180550f8115cd0ad2c46a0afe85effba81459ebbfb66b34c2ffb841b843cd02adcc8b407c813bd0840ef21b38f53953ff864d6c4ee
c21,77,0xa5e0e27b2fe25aa8befdcf57,0x4a3c37190bc1c1de0059b8afd9148b20e917232da04c1641382540bd83056991de31edce15f3a808982b42e9e2fe18653eb99bd2bf3e2d4d7b06c971c43100d8b2c430276415739b4e829069f136d98d40021b43d5697e76
c22,71,0x2ba39f04a5109e04ee2211f5,0x7316fc3676dcb51a39931f8d933d6cf3b07f7ff36cf8c7adb6083594e5b53f830b22c6c7af1e9f3fe830bb7d8fb6cd173ec85c55eea03cc53d08c115be9ce9af3db2fa857b8c7c23e9978ccb7736d0997d0fc2b3da115e4b
c23,27,0xfb5ddce2d6ca794d1f2da613,0x64c2e8727700a7dc3e411e85b7e40a6c42695b23356c723575cfe5ae60134444c1dbf7fa43b50412cfea32c061226d0772f132d28ddbb436f0d05c47f64388da8d252c60afbe80c6c4f01e2bb9287af799311a2ef7634b9e
c24,23,0x4b10dd1430dde099bccfeea3,0x7a7bb264ea4cfecc4c1ed9b1d89b679af77f7d70d1b812caad3511f7a9aa798114f846f39829557a888d284efd0c4a56d78ea4a5938d8cbb1cef55ffb648653c1828c004a091179afbb409b5781a77a5a81c4a5f5e13dd9d
c25,65,0x87b021e56cdc3dc2270f3327,0x79fea9bbc431eac7a011858dbe12b15a0327a2b37e3a27879670d1947562c7211301e0a5a0a955f9ac0a9d44186c4dbfec166bb352be2cbee096a48952695b1aaabd79fb1ca637ae4cf1d7b143a871dca3fd39b96d549785
c26,149,0x37255af0e9d35d6b83694e3b,0x20cd92aae54e06d550dcf43c2d01f6ba0cd24e2822c748902b72d9cb409b46d371ea888fc9ce61b98dd16e1704bc9314605031e0dc01a756f35458c3aa1632ba09f001bdd5146b2af57750d653f19622b585bbd2ba2822ba
c27,137,0x62477cebee2c4e70bda79721,0x31383284d649c2a410a1d56b938c450039ad3d14b89daac245597f31ab3bcb5c9ec0418f5fab536bf23b430888a688ba7259290182c600680cb336b6f93d029a20c655bf4f2990becd046513c1d8839d249f8acc2d9e261c
c28,107,0x93b45074a68d75823f3d6a79,0x263b25ebe24727243cf7ee9ecb2ef0e6e2a158898e6d961c0664967fe596c546e1c573560402027ad934268d6543964bcf7bd4b9cd0697019183792876ee43ac212da17b199b5dd38bf9c38df2e7c611aaef2242debd1893
c29,155,0x5bb73a37bb90dda008a388a1,0x5d6adbda87594fcb0cd60486815f9bbe2175c48f3de95f30e78772d86962ca348d3cd639a75398c2e0ab79c5176e6d9822ba24db60b631e48c91a90918f4cba320e42c837f97093afed56f26c54dbb51486a0264d9bd88fd
c30,103,0x50e750ffb80d8f21e4597743,0x239ffad49a9d43fa5d1656c390ec939f91ff206d7d3ea3b257db57de63cf612539b0ede49293b153ef214452b601391deabdeaf2497a520215d1dab9b80af93b1ea5d0ab961013b4ec6e11e8771f7d9c89a0f037b05dcfbe
c31,121,0xc437d6caeb4465c0df8c56bb,0x6af9e1374e9e212ed50644645d635602c89d8e2fd4f053bf15f321315f21de0d7eaa9613cb4383a32f0cc29d1337120a7fdf579875595c38c639801c1d923bc2a70d137128f00e3b0b9616a11092bcdabe3a2ac9713e619c
c32,49,0x4ba134d8f93484fd8bd96117,0x128b0fb2b5d772483bffb0b44b93cddcb21cd8879044f7dff1129e7534a720fa2709a6f3759febc09b45caf603a01a0969406158d7e67cca5e4078d99b7a9d210029f6cbbbd8227bbcc66a9e9a18869379f6d1ea9128ee73
c33,23,0x1da14396de13ccbbf15846e3,0x40f5c225d097691f1b7d58a28f54c40966b528c8a2fed6e87b8796a499d08359b38fc0148eb16a0fdb9bdaa382c7b090f58182c7e2673dbd920c78696c4ee5514682867f22ddb6d2f8f56069b244544f6aa69b5949985a40
c34,39,0x33c308a072d209f825c155a1,0x44d4898ca85c5651de5fa8c5a15c31c623656206936e963927183db93418465fe67582dc61fb1ed60d4aeb4940d8594ddf31518c5a8c74c4fe13d7fad967277b4f81df2ded6f25fe34d39e81e479abe7758893b3e1c550b2
c35,9,0xd91eed47bc5d78d3d5cc0925,0x15d6d97071c366ed46242a3b57e988bceb967296729161c1bcfcf31ab6ed006accfb53fc5a99a3611910aceaab479821d74ec26641668bea9cbb212ee4fb44a027e8a049bf62a71b994d41f999c778f39936de4de8f3f4f7
c36,151,0x9a519353bbebacddedc4fa8f,0x6e9c24df67d7c5c03c6f0f7c175cb3ce97cb705fcfa279775acfef83ed508b509eeb62c382d420f3afab25631895d62a6f603b9aa551453e10bd6c75a59ee271aa587a65b10defc8c6ec43ca7cce739d2538796022a49129
c37,165,0x61306660b7d5e8a4472c423d,0x7e38a78a6857a36bd489e23ee47b0f84539dc21fdef764f1d5dd99fd4d4180e4e488b82fa845c0c242f0b958fd6ae5533752b749c0e128143e6867ad7095d9a6588c184afce348b990b2471934e5a62a494f4d3859cc950b
c38,23,0xcbd11ee9afa3f3fd9c408271,0x542c1ac5b7c60e65d84cab45d780fe3ee293b7bcbb7f321b97f188ee288353759d7b254f4d98719e880e4e571490df9373f19508fde594c5e9e5ddfdb9106dbb4225de3bfcfa59616a67538ecad76704c28536fc37d7f62e
c39,9,0xbd1da7b5216648867bedc6f9,0x4b2e549c49a64c71fa0deac7426d63e4815f5d6e7027a1a8006b767f29fa59c386cf1bc3cd32d9a982a1bf5cf91ade0a5a08d0ef5bfe08be39ac486b68f9c62aee84e7885f2399d3fe3f42b3898671672f26c8f22b855175
c40,207,0xdab4cdcf0a792eb2a5221127,0x52742d83ce6ab663c0410112b3e58087f63e05ba0a7f3959f0dbc584b93bf0a48ea6fb4260669c31a05c93ce1b37ca2fd04b7a16f7354c43f7a7ad25f9c00d7f8474a233ab3d937d3a287a3c409ee0e1a2054def0684cc14
c41,113,0x25c8d2d3fbf088f9ad786125,0x3b721a189897a33402b7703682b87bc97ab125760c28e6d9eb4aebcf7de649a0900321f37c13822856a608993fd56da178290759dd959a0ea3efbc7c9fd158caac2f1e04db681569e729873eb9e33c5272d08b086100deda
c42,113,0x48b4e9998f7de179a20cb9f,0x2f0c50850065f55c284a819c55801a74bc3034e244a5f368f6edc6a43d25425bd4e3cd4809a77ab28dfe5641384fdeacc09e6e944092170bd43298603523e56d78e2d85aa09e688058937fbfa92de6bbb33008df8fe87c87
c43,165,0x93f366721b946ad6a19ebdcf,0x302036e542b4745356906f9adfc5e023621e15c2c7e92f61f13dad484b04f99fb4cb2365f1a365600ce4d46d5dd2319a2a0ac562c4b30d11530a7aa1e37b017118acc0fc4ce9506f13b6ddaa4522090ecb7077f30982d1ab
c44,179,0xc565caa255727c10cb8303e3,0x7460c8b07a5e648af2f09d790dbea14825f871165d360c93138845bcfb84a7e7d772aafd3543e21efd5a21fa03b8c7d0ec92e7f3cd431d0cfcb721f4f3c264ca4bdb5c542f6031ba52824ba8ecafc682bc3de742229ac8e3
c45,55,0x79e5b5d8ea2255e749bb9b3,0x701f3d6d39397db3aa990d4b48ffb5424b31d1026f8ab959bc2b544b0f68b9b1cb7110ccaaee5f7f2f1864ba4ee21538b8a90a5d427632785c6406477a7b7a02e521606b317110d81c5582f46c1caff8aa8717d3e54700e7
c46,179,0xcb2a237d7fefe4dc745ff4b,0x2ece6ca315420659c7204580aceef55f097ec83d17eb590b080f984640d92772df604642b5559e780a056024576bedbd609d100d8e1a62b6f8f7f6917524cb20cb8e3351ce7bf328d514f93908a72be92ea92f8d0d3763f8
c47,87,0x47e6607df0086eab68197ed,0x101796b20a93842f162b3e611a1713881e3c47937703b0d74b3411d1f16cbcd95583dbd4fce8b2e9c7a8e2a9fc26dca51ab05e06e1a1f0bb1936fb8460dc024b4aa54f2a186c952a81caffd7275a2493cafc999069f72c37
c48,171,0x4d18db631d7e643f80d1db7f,0x503e4b54470426f79bdfcc831331a4eb1a1305c6dad5e843e261967cd7c8adb3e415a51568be7e9a8c6bd1e60fbdc00674ede6b0c525e769621587aeb7e01d0b2a3d42f8ec05d9be4f393a407b404dda0cadcedfdfd02b9b
c49,53,0xb8e142648c897bdef506e7bf,0x4d7a64862b354e4223d2f0e39b20f431ac9dc59ebd2632c3643e747ad31ff451a7172a5a1fe7323666371575f3c1cd712648cf875d430736d30167fc5c3bf93eaae5f760445569ce140c127a0ba57ae45a66f603cfe1a8e4
c50,23,0x59fead7e25f93b7fb762fc1f,0x3d5f14c0d529f28f4a8fed705620d5ab9a82f83893bda0d9795311ef8df3bfc67d1de89d2f9800201be8c749c42bf3a3bfdac19f0c7b7132418d76d5149148de396d04752a70c2810911c6deb7466dc2b9da600746b853a1
c51,109,0x88e0048bb0e11b5e8e92e43f,0x169f89627947bd35caf03ecf043b32435887b55987291811dc7f5db7d3a3b073e206ba15218a16890fe104e69408324a714265876ccb7bc317e2bc456ebcd0875466741eec1bc925ff2add3e41c260306322321db6f820c7
c52,157,0x32bf369f00a8f387ed2999a1,0xccf7b57c4a7dfc8155185dc1638d65ef03d76084f96b98ac90f469e993924645ea605eeb57dc9a01ca6c0565ca96c1d460bf7fcb4417f26d7e348e0abaf74aaffe023d1882b84179a5fb7064d7f6a6d64186d795f74594d
c53,23,0xac43c283efbab2b90e04b62b,0x7c46269c14829d786b69206c6f81cd3a3fbe5ae52162f23a02a6b0073f1419de9c4b2a34dd98db0447632089367062f44d7f84b75a1b7ec809d37b863a2d0693005b78b80409c2d44841446ab843e85ea7d1620a9c72b23f
c54,191,0x5b1192cd3f5b016525364e93,0x65f76c16e9acd9a4b73524fe7862d4c058f21f44c2115eaaa6645ed2e240181ec037585ed165b0ec88769077b4abe4049cafac3c177c7478de8f0639b2910365add087cb36a51911ab87934858d8d9f5c0a99b8fccc0d6b4
c55,15,0x991f962a5050f53e3f1e2a31,0x24411c44ccc2a584d4da487c498e4c84453fb044b4c1db423180fa1bb97c071a00fd9590be1fe7804f0bc30aaae32af72e932d88f692dbaed3bca1e37f3adef3021351b10960f1b38f01a0bb431f2a2be4ee4533503954a7
c56,143,0xb718b57b390416ab102d773,0x5b88509b096846c4df9d40434a72f1b7f39829892545841847e8b20ff051357f122425cc12bd3fddfdfbeded13c97245c1f53d6cb9ef2ba5c19fd894534aea9492c6ffb4842ba28d27a0ac30c3c8018aae4b727421bc243a
c57,201,0x2fa741ab6ab0f9327a4d0cb3,0x10a7a6385f532dcefc8146b56a2dd23801057bf1153d72fdbfe5bd11289cbfb9979898a45c23be269a3f64dc912db403a39de6cc688ae44b46b204150235fdf0bc2b27634e32093bfe156699594b077419a5e5cb56f27ab1
c58,123,0xf36aebbd73522e370d9052c9,0x6ca55720552dde193a4b11d23b6df460f80a06efe083bdb4dbe802b6ee7e8143c4b8161825c098bc8de302fb77443a502e0667e71cf32e20ecf7d58736a3d18c85d7e87b76ce108391b4255efd60924e210030577ed9f0b9
c59,177,0xa6315d79e592af586038847f,0x403ad27f26462ee380d0504af52e57f32df02f7b6b9982d82e743baa4cd58ba39d8d47ef797a6771755593d8849eb8262cb7548db9b715722f7d2dc21346b843d90e0663e12f1b47f70298a9fd7278ce60ca1820301e0b45
c60,75,0x55b21541006d8441caf7c87d,0x7a0167f124918824d81f38be7ea03555c40562610309f76f56b05005b06f0340b9d14d2a5168a79213fefa80cc949ac922918e9d3312f4f0b97402ba022cf292f6ae88865b5075c1a201bba1c146086349ae18f5a9065607
c61,111,0x78d9fa627898a07308d5dc4d,0x3705833f549fbe9a9729843aa62fa1eaad9bc0313bee0db162ebbfd1c9da052b1e152ddc97a2a82395e6ea1ac24356a8e2eb88909e14ecd85900698258ded9af5eb1e34f8a0aa928d61aafebec618ab9e2fc4fa1fa7cde5a
c62,71,0xc88b83f45635b5e5217e9705,0x4ee83a718d8c888047e5d8301da4d91c13a61506251d1397917529f40ee8edbb8e0a911e65ed72eef041d720ff490962f4f55ca4d8407fcb16540c620daf4b07b3a84d66e7400c35439468e6f08268e697415690dc45fc35
c63,145,0xcf7fcf271f93843e8de2cd15,0x302b9110687b6fcdacdf99617f8151cd65204f1d66c393694370448b45aee07d4cdc28034494b15fa76429dbeaf465c51947ed580a357901125b4e471dbefb69c8a271888411c3e06348804924e7373e095449a6addd39e3
c64,43,0x9e5d736d1a33a06159594671,0x47b7898b825163e0e98b18d4539358a0d705f234d9466c48feb910a5ee668efda5bff9f6ff81457b109bc70c8246b34f56072a33b9e06e4a3284ef545e1227bc4f3e5d9c07b442fa08ae38c745aac9fb259eba2e303e7140
c65,175,0xc9f36cf24f3f8bfa23933613,0x6271e26ddec95d4807719da86b8952eb4cde85fad19eb78dc998d9e3a339b28b0a22625b22942fe194a43ca39797e921e89c08eb5087d27a377f0f1bd7c0a19b0cbe4aa57ba3fdc521d2a02ae09c4bb26feb697fc4c9b5e0
c66,105,0xb91483b33580896b7a5c684f,0x289bb6ec1ee3e1c61cc535ec86e4c3978d228e481d6d79f91772eda519309b19ecb9b3e8f0fc96a12d4550e0fa1a5848ad3c323c3b4348657922a5ac5781c1f219760ec773f61977334ef4d991993c453572c14453b71765
c67,69,0x10a01aad145ae11f139d77c9,0x1c433a3c0d7d345e8ff4b197840859f89c3eda2c020dbf503c2b49fd85a3a0377192a1d025f1cf15ca29dcc3f2929f40bf88a7836266620650dc3731d90bbab6663f0a27cdb7661f1c682075e6a3c6c6b28b1ad617d110cf
c68,207,0xa8cb2ef36472f5925f5994fb,0x15c312a0248acbb0d1b3fdeab4ed26d7fc42fa87165559b1e5f0a3548a5393bf30ae23f308c594da882097bbc9911ef81d70dbb26bad05f44ee616409c768fcb5fb3525f77cfae305fc11698177ed1fbf25e6b3ce6d9e927
c69,47,0xdb6fef4c6173d6e5b7d82e07,0x55f149d94eb2982abcae3b0e65c8e7bd5cf7b8f1d7debe0d2069a173238a9f8291308ce1f4822c5d348d58ad53b3f9a9cdc15e0a626163694deb8bad603f6f2980303ec9f21b13e92c848577511ba3fc451f1835ec6e213a
c70,47,0xddf74b5d2350640ad6d9120b,0x5a01f3dff8d7a8357017d939c4c63eeeb6733e875e5c50fef6fd7324807cf1f9a1f50e92df9b03e98456012dbc1e9bc46be7a7f44d6a17db1b976c5fa85daec35381662723a325f249213e3d364bb57c6ec4718338a68533
c71,63,0x256fd53d201eff1b52ea310b,0x364bc85ba4425df1b697acdf9cb1f63d6e1e8a0e62cb6c2ca3fbe11fdd4f53a5a9ce59fd771ff57d5cc816fe98d4ae8ff653179e40f9b8e70cb56a7467ee4c64205a5ed892cb753081e14cdf4715a2419722a19d66832639
c72,143,0xf6dc421eee89645c21cdb83f,0x13afe247ef47c9c9b51d5136651c0c25c0cf7274b863e850d733382bf4ecdb8c06bc893ba79a38caea6fae35dc36ec58435c39c122d761e76aa7fac2127847fe45975b87286f3413917ece0537e8d1f3f12b9c5f909e220c
c73,49,0xb3a990e153a41fd9b83114ff,0x130d3de4bfb428a82a26a7b0b5353607c0cde6a05494f10028d27a22953db29d7fa8b29f4a14b18dadb84f1e8aa34f871bdf41f7cbf27166bd7c8f7f736b2456f604c27d9945f81f30bfb64ad04963988034e66ca6996fb9
c74,133,0x2618e207c424f621b2a597b1,0x4860d7288608302f35c6b7345714e66e7f3faf07e5d474a9cf5b0b796e5bdb44bac2dab45f96d37378d91afcc25143e54028d0af5ac5a244d07925de7c423be11b017a3d57e3229bb9ed43041ce543f88db8afcb42353340
c75,69,0xd97ba0c89c05bbf088afd5fb,0x2044f9f21e06ac51e8ead9879c192805a5e21915e80471422f47ccb0f15cdc1043870cb82908bb55a9b0f466ab89e934bdc9662ff895379fc4632e7928fa747a4fa9055e9c325afcb8e89b0a3f6b484b9dd48d4d266249ee
c76,45,0x1406999bdf3bb31a5e89e747,0x78961f44a1378e2c0b2821cc5aea946b6a389ed8bdfaea3c1ef3be2bf6b78818acb53dd47fa1d02f6a5d87ba35a0c4b51ff126e59f88b80ef3d88d0bbd3e45ae630ea234d396ece5215461bdce551c52efa88c4925cd2d8c
c77,135,0x3107b01fec5e9d0e3cf94b31,0x2d310cadc74859ba393a2f09784e34d84a1a5b3ab8062223c5a1a514a607e1b646c82cf2359b5a2ee55530c377a402851d992d6542a85b38c9b6e5c57f65ac4ca53a224400eabd82c0903ead385d94fdd884149783d54ca8
c78,215,0xdf81cda184ecefd74aa256e9,0xbe2d9bf6d7bf1f4f404846425410834f8e57a7a90a90c734f003ab63812d2965878de5c596126c52b525e902e9e8da2cc089d16532762671e1881349daa6cbeaa1ed84e14bee925c3d2b1463445f5e2659bb92ff7b2ccd7
c79,147,0x4edb6eb54762620ad18eb6b,0x2ef36631cefa1db21a2cd03996f131c621be389429d1fa823565f783585000e5a071e93dd70af542ff26624f2f4b9106d73609a8e4ba847cb326c3e51a9c603b18e1551a5ce4f2631935f49efea52241648f65073d436d10
c80,99,0xcaa824d99a6df7b0847d9c6f,0x3ba40edde6b574f75cdd7f399ec62c61708d2987479eb6a9629ecb4a6b71657175b9fa3060aace97de34f37f8bb9525bf74621c3898731f06bbf2951e7294ba7c8949392ce04f1a24c1de69dc3ebcd204b79a6507ec29877
c81,31,0x45858654641e5093e85538dd,0x2d6ad2948a7e2846585592db4ae43bcefc05fcfc12d6359fa0b6f187f143256a2c3f356129a14f8cccc85058d959c6faa6726c4856c44801bc5ca9998864792d23bccaf0ffcbf8d127d5dace8d217762033e0b2741d7abb7
c82,131,0x7b7c75c682eb40e159b453db,0x5ed9d58c4485b325165f9bbd68ab51decfcbdc95b3f4cc9a253705df0fd2eb76958596a79f5bcaa7a583f46b4d82f8ef74cdaeb39023c6e2731d0f25b78e9e8afa2aedef1b19f75b659e6a76c098a14c6c88f803b3ff56d4
c83,83,0x81b894e2bcd147ca343a4f3f,0x143c76b37e2527a32aefcdab47dd4c5d82e266f2d31d80068e64db99102ed1a1430441d5eca54833e7fcf086f1b3066b9efcc26315070d4bcb30d063866326567e679e39426e94599cfadf6d04e362d7a3d9968e7357f417
c84,23,0xe11dd1b1ad50722a6429e293,0x6d90d4450525b9485d2096444492aeeead257ed3905fd15cb69267f17134de70d20e087a2910343ac2ea309892d4294d5c73fd7754c9aacb90f6773fbc3e7ef38a3835c04e827209b98734e8f92c40cf606e3ff101339dd9
c85,71,0x72d1c8dffdb4d0dd9282be6b,0x3bb18ead2854108d2910f4a0b07d5cb7cadead5149ac1a445c81fc3e859f5502624df7ce00279f56342de74ccd4bb71279378df08bcd947012fde624fc77e88cd0f7ea598bed41342e7273aeb443fd1ac82fb89c943a444b
c86,169,0x8743d547256242be1f9e457b,0x23daba650bcb8c666d2f89b4805e34cb07269bbe6953ec61441b236d7139d36904189fe864b5f4b27da1a278cf5f299c0c0294b1ca7c80dda03d8cf8d629544557fa5b9fbbc8700e2229a12a59b085a2f2c7459443246c9a
c87,197,0xf8d2699cf8fd5a040b0a2d65,0x4d05c7269d524618a255d81674786f98bb63a924fb4a54f617dd594878377379668e9a472a481992bfe5989803a0b8b6a16d42d29961e198f9d54a17b9effcb3ef137b6ad145804a404f7a89fecad86b2196d21cd39b18ac
c88,131,0x55cd8bc237c6a52a133cb3ab,0x12ce51fe96ab073b63ef4437e6892880b92240159694281e173ffdbbef9e05b63f46f62ffe75a90751eac72dd9d59f841c93ebd3008d7879e0a964f603a6a55c4aa76138a251a3c7e9b4e970b0540d9290494dc77ae585ad
c89,31,0xb36350f6bde5af966e74075,0x200b3525890b715c1336b9fb5524e547f3991ce7acb3288e167362e11bb2cb75f1bffd7daf5c1d6a4618dcbb9621cdff3e3479b3d5c549a0b41a74abb5ffe9209ec451d36623da405381b07ba53c3a619599e6d204410985
c90,37,0xe52f4ecf9b5b3d7f621dbc15,0x74c45a3a34c4d9f5610063465fc58f25ffe288af5b3a3b4b504d7a703a3997209c944b6598b0397ece8ffe395d46eed02e2dd921770de0df77d36cd5424052bc17182ccda9aafbba4be0500fa46e5bcca16735502f372d7d
c91,199,0x65d50c81a1f91cda5fe98b85,0xefd43902f5b72a47a9ff8d000b36ce95de402acb868d0ccc6603d0de4cfc107ff87046cd0e453ae82df887c67894b27b76e4d11d87acc905bd327cfd9131ce0eef785e7c452347626ca80ec8390b17682beebab54f4b26e
c92,57,0xf9831e582cf5714842a1c339,0x4df6a7e70fbb06b8e153fdeda50653ecca8c9ca58a6dd2277bed65ad0c776efacfd22710fddb9cf5d0f7ea6d636e3296f2ce112d9ef6c108db33bfd7287aa749a96fc09c93c688fb221b26c00ae1d2a93dbcb1dc941b2df6
c93,105,0x2bd9f11bcd7f4eac0aeb3889,0x2ec7df811b5da117c367c8f7aa32c253ed1b4c11f4a113698a22ce410b0e295a211d095fe732fcfa1f21bb325c1416310463acf9205d9bd1e6c426ce577d88c59129715cb8b232501602545c122f4fcd28f915f7ba4f8ffa
c94,109,0xe36155cc2beeaf68471e3b57,0x584060b8ab1d22346e9c956cc6c706f326c476de4e3ee7626a5e7703b6e2aa0bf8b1843f8edc413f2be0b514e9cdc3e1514875a8e7502e2d8c2463fcf492ceb08f4ea1a6abf5f5851354d9928864bfc995dde61ded5aad2a
c95,147,0x3419805db6aaff30633a68d3,0x491d146009746ecd8a1fc174fb0d9ae2faf83a9fe55518ea37dfed917961d969c9f5b798322b9ff0e2ea91e6e61c7ea41fb26211c7183b4e246b58b65b630a0e7ce6ae8e961bcbb3012d3221fefd6a1531cf860a321e2f59
c96,125,0xd8c6858ffeddf043c54e14a5,0x2a7518592c6fefdbc2491ddc06b2ff1b839013dfa9dd17392e059877ffb9dd1326d4091c17e1e9e50a3b30c38b7726f92a6deda84f40eab870581da7b70ae6d0683becb080ff091cb7f608646713a26281966c626a5970c8
c97,161,0x476b5b12f641a2fb8c894103,0x741da74cb2e2a1e98921a123af58c5bf804f8e0643a3e8007bde6822478af3a4baef793aaab9f8ba112fb8e77a734ae1ee32f7688000dc523651ce3c7cb92f4a2f021e0fcc242f94436870f79f5db47257d8201799b60e04
c98,177,0x7a752bef891fadc2902b3833,0x1cff4e881df09fdffd5ba00d31358cd52ee060ef9c10d37e82a5069798a4533bdc7f6b3f8512e885fd0f45a4015deac974bc3444689f0a99fe3cac2f6e11879920b12705f41a59c260c43151ab18dd3ab6183fb6aa39cdbd
c99,197,0x65ee96964666dbe1133a9099,0x298df223972e15a15c771da46aa2e929f44e1ce407a4f68f068b0ec21ff701d02fac166378e14dc53851147c5ae171031ae31878735613ff9b261d243a1087cbc0534a006a3127a44bb33d91fe6df3054db5e4706f3a3f25
c100,87,0x4eaed3441750e9ec0e774ee3,0x2a918f1576de4dfab618d076461a43313e2d5be5d4957c8314a3bfef13c76a139c07e9c156a4358c7ec4bec728850f3077b58ec010d01c1305b5f4af95f3147bf0ecb9d83ee7d81df3249720b61a565be7ea4b5f991977de
c101,209,0xa4a59a7dbe11ae77a0d9e263,0x39f7f7c025fa4b23b8ab8f36f990cd377fed9b80614e5eb50583180b7e8cedba4ac76e55e51f0e094eec79921043af036978917b3ab938eee5ef15a0f9b2df93d399397a077a8c8e1ee7514abc4faaf233abbab8db8ca322
c102,197,0xaae7ecce9fe30207d7b7715f,0x28886fb5d7d91ebdc8393ee47148ae60c37f9d62a2bedc13b4ba1dd5e009587a18dc2f4fd6235724bc788dd20d9aaa274914fac3429f65632f25b54cfe900eb19e551b13cd98cd3c1d75d9a323265e02f11183f4ffd53182
c103,49,0x23682bd5df3449d8365f74ed,0x44257176f7a6ef6ed3b4bcd5688512fef5f4fbfbc878ceab45a6382f1109d2a3d86439bc7c5bd9ef3ba34378b32f892cfed1a34ae63862aeb0204967739297ef5bcf22d9ef95db90c0c25b4809a867c6ef9b0f312f76dca5
c104,55,0xb16d567d059fa01629db308f,0x2a8b420e6a696c4b2e5ba01f9ef6e1ef8440179db76cfab7605ba6a43978e5c0ffe7c36039d32b39211f6b398b1ebcc9028059e06b4b234e7ec9b5a6d8df468ef3e736594cae846b3db103c26d12353b241c2e2ae82f738e
c105,199,0x766fd6f25f89d84e5ae072bf,0x7e4e7ca858465068928bdaab360cd6923e01054f207102d4345bff7804c62489452ec592189d4ff43c36fb5e587f6f13de823c615eb3c434d3ee18916ecb93cf0e57657f9be44778280280cdbacce9c2ef6296745d35a201
c106,201,0xa02f261975b238638f3c5b89,0x738e67542bd79c5a95419d4fe30bc1c732ff0da317503db78db78fb6448905b6d046ea942f22fea135c16011a87638578fc14ed0744d2d2e6f9df3949f02c45f6412645aa08419229fde8c4d52e1c00a9bd2e19e38f8e969
c107,171,0x35ff805fa2596c6533ca6073,0x4bf1af9102eccf84b6d8b88db76b4a4aaeb4f33dd5b3c1fefdfd0cd2df86642c118162bd88e32e82ca964b88af9226e64216ec185ee2c50118d06c5e3e072569315baf6398a818255c1416b4413d763dcb663bfca8c1209f
c108,47,0xbfd26dc53b68df949bf83955,0x455371593fc123ed7d55c256cac3aac2c32237fe115971783f3292d7b875efa130a091b180d0efa091f686820a635761253ee8141a07e8f3a175453de919c05c972af01dc44bd40ce68c0bf533203262e1b048ab8c5f51c6
c109,161,0xdc41b81dc424675331556853,0x4f945d1061ac7897435cd56bdd0212b5d2058d407c382e3ba8c1eb17ea3b16f8fd094b405bf4b5f571821a08ade97cec87d81fbdf4a7d74b92b97d2110f1e5eb8e8fb709179a441969d68ad777547ba404b823161eb41071
c110,41,0x855ae4f5da1ccd7e45f418a3,0x62ad1f73a4d7a08709d52e8677b34e2a68e7ba84010a9e42a4ecf1222e42632f46b44c57406322803af8f7456fe34497beba9d5821adffa5da30654bf084e0efd336c222df4d506cd23bfae20935f95392e04e2935626b98
c111,171,0x158710dead23fc9a00c117d9,0x1b1b5973cdd0c175c7b783c7569842ac9228c2e976dc1adc34191c887f2761f45a345c09809325602a2c583a727219c50d750aa0b14e928b8591edee33d5bd725c4d400252f94d6516cb34faac222614ffaf343c7c6eab7e
c112,199,0x9d661ed3bcbe8bf814743521,0x32d35259e153f55229692d2be7315004b8acd521afd57b0a30e1f0b82b2b675baa4396f788ecfc6b61cfc5ec9b6fa643a7d5f3e71f6dba1a76171c52ab1672a1d13a20021e20ee1a7a41fd0634edb341c88fd6160450e555
c113,11,0x60eeb7682e06747115e4ba3d,0x2cf9af7c528ed362dc3207d181d421e26a012b0e9b7e53475155d0559634b73e4c82631f1073c75004f2497aec6cc2d990210adf5aae64d278095c0cc4354c785819a233ae25b9d0591cd8647c4b9fc6dcd1e9ab6d28b4be
c114,113,0x30047ae7c5f4194ed860beef,0x62aadc294b0fd899678cc1c5881c32c0304cb206d0fb303239d28bc5fd0a8989ce767cbcc9a1673460edc0b92affd87d0a45aa1f4a41a2c9c4f8b0ca10f46008ca99d3b07cdf8d6723b1581840fa2715fce70cbbb3cadf0
c115,109,0x2a7b2715eb5353cb0ff26cd9,0x210ac50da7c042113bb160b976c2de52b145cf6fd876e183a8b5e20fdd082da142143d19c3904166ef48443906c9c62b60e676ac5e9c81eb7a41ebbf1ab55f0b836ac8096b6679dab8c37eb6d6411b3368fe0f249a1a9e86
c116,179,0x9d0694a941cd241dac7127a9,0x80e71e94fcbf458904fedd55cd8b80a69754cdcea6e21fdc8979dc94f4092f3ce7f35a925d5986704e5efd76d2762f0e6a15a1025c723f630cab20187faa6b71c3b4870c29908897d8fdd54b36a97a8e86ccd780ec43b41e
c117,139,0xab5d1f4765b4888342a27dab,0x718af022d1e2698d95187fc043a9206b4e0a89e1c121ce5ce252a4d76a6a12aa7b6aa51dfd7f308fbb5e21c1c0c73eb7aef4b017657fe733fc9222cc4520b473c7e36cce64fd5d9f4e93d82d7fe860cd24714991af87e65e
c118,11,0xcc19785be32c7a11a6fa15f5,0x3df42c986ed11d61604168540b2708eef46570541a2a24be5c3e963b59e9cb4cc8476770dac161ab79ef5cf1af3ffe5a7364325796872d1e1b91ee91791fdef3b7265699082ef596a995d479de6f09c1b563bf7c54c2ec5e
c119,41,0x55d2bce672c64704b922f537,0x2e0218e4f1c92658815925c44be67e60133cc84e8a86781acf272250eb7cf3a24babb74d4f95d7dfd5df38bb694e74eb073cc53cdd21879033a8e5ebbddad4992aedf1546146f4a774dc06888b0f5a1dca29fc7137711ef5
c120,127,0xb2f50da483628f55a0df860d,0x2d5b72d1b07043b08dfd9b4882b02f818fa2091e3c6afce088c636102cf00a2ec785c331fc8232befaf03cb95e390ba7349b33ed2fd856ba3d48529642bc97821a00c34d9ffbfcca7f0e6d8ee6154862c2eb48f6375ad270
c121,41,0x6c8f2bd1ad92b53b3c4ed657,0x36c9c553d35fc2a217c28a67a8d4a00c3b9847b03ed2595627922371f2505b7c8922dbdeb16d533f99c1b9db00e148fa77b0c286b47105546235113f2adf4440b970ad249df631767d18432b8e3235a24eeec58831a750e8
c122,59,0x22f8c7275e54b9a737ce32c7,0x142af1d897a10d053ce75420f23457c5febe5765d67257a1faf7e0b4ba03ad8a05c2f2e22a2aa2b31767a2dbec3ffd38ab169c74c432cdc0752d8c877e3d734c8e5b29db82c80899eaf5d8a6f204637fd38ff66f22eb32d9
c123,189,0xcc23efa56bd47eda471deb33,0x212d1ffa5f2ac485ee15964ea0a18dd1041e98fa2f5213b837854ff868ba2e98e39ec2ca78a98562a280fbad686a556b8c7950b2e14aead060dd87f903a0f8a42c92785ec93bd01c757b66097d2172df48e06a897cf676ef
c124,125,0xf045bce413f16f6d6200b945,0x714e2b5fa72a2d14bfdce813256e6a0b185fa5e11e26c5767155d0a43a3459e9c1bcbf909ba2a528abcc4f5e162d6318c783f82c02e52c7c59db68c85491996ee8113f66b54ccc1b3afe74a6c8872f53df018208f7bfc462
c125,153,0xa51debe007c0264d17292d21,0x4f4957b92c8f6924b161920ae72fa93ae5d250b19d1c93cedb0334145035bce2855e2435a44bb29f54302e5bf26200dffa5624d1943d86acafb189f965c4f92d7d22d2214941ae940407cce8d36881cb3edae4d8ec571a9d
c126,171,0x90261cf886afe3a210a9edfd,0x20fa40b4b359b76a8bd91283084b1cf8364c53e66779d8737dea4f17f267e6023b4b4ffb0751c64a1925f037fcf09562dfcd7e52d92c1d697dc55e9ea02d4d2b1304e86f8da3588c52121ddbc00c3670fe164155e2e29d80
c127,97,0xbc2dcd7f31eb612604cf86fb,0x42ffa47c9a5adb80554b3f799f39b6c8e0ba9180da6ce8eb0874a2a725a38b81d17e5af5d2d05ce925f781124c903bb7462f5d5e5b0446f937575a0caf003373c8d9bd4c62067d296885439ed4c0b24805981ead8485299c
c128,127,0x427acad1ea2c40194121b181,0x669334e550347d0622928c9c0ad848e3602296a51460cf93fe00390d956494ac1500bcb8e47a84a85fdb0e3cf95d931ba3a29648836385939c124a68612463c222576d120fe806c30af4ab2de94a95bdf59e701c81c5d3ab
c129,121,0x744f42360bb35c8a7a3329c5,0x80dc173afbf659cef12ca250e4825ef0c56a19f7a490132ffd5c683a98114b586892a5e4dbc11a386ecf85341b3d0db783a9d317328d79e35916aa768a18e233e8fcd27d27ba3e3f83f8fc7b441c4271c79d8331a0a580c8
c130,67,0x12ed0fb8ac0c9fe97202844b,0xa494ec7a3db507aadc2872158b4b8e159c7ac1c5402b8b3b7a8751053a835fa785612bc4787a0179c76f82aa3635bf92bc434f53b3f413294457279951dfcbb97dc9176f1882b2d493668b47e76ef1ab01647efc6b65aec
c131,7,0xfe561ae3d31c6c1fa2d15ce7,0x37b5490e5a20512c199eaa67555a6a9651b8339420197d1f8f348e8f6d6d59982703afc94bcd0d1df10072c193aa46108f1fc08a68b89f96f9346cb663f787570fae276aacdbc51fde39ac7de3d31f72b674e21e2799e4ca
c132,45,0xa5e7aca4fe1e368204255717,0x5d498df40dba899e9c1758161237fdf516afa391bdfc47339db9993c96626d1bc3f69e2d6e40334f4528fcdc0813033d7d35222b97b368e76cabe1f02f2e1e5af59338ed6f2449559e3aedab62c4897d93213bbc978ae4e7
c133,165,0xcc69bef9a0caa5c34965a08d,0x6a7b834e08a21567977c9f28928f1d4a4024f8b3568448f7ba246e61d74521d81a04a7a925150a1354ad8d29ee3b79ab8ee7aac269054aab627684dc9f175e60a2b77b3e1b2c8b965ad551d560293796e5b2689ed0f7b2f7
c134,165,0x14c59aff45f2172d320a61bf,0x53f631a9bcb758f61550499493e0164e7bd50cd1ad933e92a24212557cb9cb6f07f9854230a4e3a79fde0245de2a3021f98c129f288b647436ebe3c6b23fb691be1d3a51e95b705f54d1f06876fe4fe046ba5b6afd161966
c135,23,0x4a0e348cc44e83ee91311293,0x370cc94e73f4dd1c0c8b1819b13d352753a64715900db2ee25a12eb8f84d59c51d520792fa24d34e61dd70859b4d3d75710e0b68853707cafa8fac7e4a32a9241c6ad878b7c4d67ee56f1faae9d7f5ab6901c1cfc19e38ac
c136,161,0x9077d02a0b6eeb8287cefd6f,0x5e2f6a41a11e23fd79747301b8b48944aa8fd72c57b32bc7695a4c3748f4b10bcb410306db22fdfc4e15a601194d22d7f3d83e5a4d22ebfc8d036db0d0af2d4d35d091bf8a7775c0de534ace82b7a1536e51dd1e9ca84e8a
c137,131,0x7117501fae892d1c8b9ef359,0x5434d5ecdc589ca06695675576b66ac717d521c18343b4269f4d93b30c53e3995c5f0d526821af30f36d9febe84e15fddcd582c6039f3e548ced3ab624c5ed4b5fc06d95a305df9026d9bbdfc5cd7b41bce6b06816db2586
c138,39,0x7967e4db6787e6ee81d95083,0x3f7aa9500eff2a2d8c35109cc07c6f9f292756bbaa4a081fb11725ea8e76bd362aa21e4d5be96b84fa8e9f02280f378220a444611a7295875f0665dac7c84ebc63df63b804b0c67252ceefe43899fde6ac634ac8ff1ad694
c139,135,0x9c4368553aaefe2a86d1de89,0x5aab7366a0549e8f74a9fb96c0639bf95080b8fc64f903e78159bc9164d5812abe29b991a23deef850cfbccf18d87a335679ed2f62080c2e0382a697f8fd1fcf10d82c8ac9e3f12a24a34d4675d43bc7d2b8e36832ab0ab7
c140,31,0xc463704e1bcc179e85881a2d,0x562125cb1b02f032d0df37effab31e25cc3f8744db43cf8dc8c205cc83dbf5e9649a59f7890b03512405b2f798d130bd6753170c27a4cefb365e7a65ca63a6549045bad337fcb105e4dd69149240aa5fe3a41ff03d206e50
c141,151,0x2bc125622fc06288b23a85cb,0x775a455f039c769765f18e9e8e05cbcf0f27008ee16452845c18c0d85fc63c830c2cd0dc017cc1a342a7be7583e9ceae079bebfce53158041a38b8c231fc11e465d4a4bc06a993d4ab86017667b863175a1e175074b24e03
c142,177,0xf2fa0b33617b82120b46dfcf,0x14bcae2b86a39c7c13127abc03398c48b7eb67eaca946265e926b4e003cb34d8e7bb69a6d07b1d54cd5a2d92024006c423a1f73fd14bf946aa69af670ab2fcd8c29487abf2722bfa5971adb6d663871e87a6709c37bc984a
c143,195,0xdaffc003047ccdb87d917815,0x5072fd64d6ddd7cd3774a59e3a475334151ce3deb27c3f90b49cba11908c31e9c50c24b1a576971f421645d4f0f636e524dd932517d72bcd8763ef0f2c9bee190dd9745adefc1f02a220f7976ed939cea0ce80b378b4d562
c144,95,0x12c24f176ac17d30fbe03561,0x6d6ecc2c801a00603a95dfbee864ec8edd0bdcdf6e9a3cbb55f2aa02fe07816f5b81a9987b56f0635009b56be9d35cf9fb6624d29ffa6193d4e18920b229f35926825fc731f2df72a28b934ed4a2819bd2becb6116f47b97
c145,129,0x8f5e020316c36023f256499b,0x1ba38241a298cf1b397c26222f15a9fe52ff29c0cefa359b017ee73b34c2e7c5ebf91d93ae615ca31fde9c21393da24b54d172064809e899949dd80a72a906b945cd820fb7a5d68497c5553879fe418f2620bca93bbbef33
c146,183,0x35a8d9fe81c163a0fece8dc7,0x1ecab288780882795869024243d58ac127d2794468dc85bfe031d53a962d32adea05539a99d8395a98b0b449febda10faafdcca2c09cf2c7111aad816a6c349f9c4e21b7e7650e5190502fb7f828f32fcaf2b988edd75169
c147,85,0x2f15f9e48dc799bd8205b939,0x861ad4ccb45f6d999957ed9f91c27633ddd29c2e507cb9207e116cd51432abb08c987d3754a965f2ffd21f6e7ce90464ac02a37e0dfae73a9b7709753ddc91fd9fc2321749395ac6232b30fd55740b8c966dce6bd8ad1240
c148,219,0x56e5354344eb6d0716b0b59,0x50b1cc133303a0326c9c550213a9e3b5a228322caa3c8fa9f7f16bffd509eb2314de130a14b0fe4ae6d23bf0bba555c93716f2819465c4ef9af17d8be8881be82c21ad304c56b6ff133a02ddfd25ec7caded871370451882
c149,153,0xeaaa3d8732a647e90d2db507,0x7818710af0a3ba82cba80faf8d3bf9ff344058104f5a6a929c2891281740a774bc97d261c08c5146f3c7ba098d220d6ef271a098095563503ce191f8cf234259156421f65a6f96d1bdb17b90fc71c130bc04ca3be18d186c
c150,77,0x5980bdff3449c4ee8b610d2d,0x1365a07e0b0191e28efc36fd10c0ecad3fb7ed5ac3cf9a0c5ccb158e52c77bce417dbd274d138970228db5b8f2c68693dc55d0a48be0ff86ae5764c60a7f6826f17f16da39be2d06f07c5b62d9dd884aa53f9fa5d27db522
c151,209,0x54f014b95e183e15e4fdbc55,0x303816a4c27e1e9a06cd2408dc621895a9107c10c24aed0c74e44adf754d9ac1a9db9ffa0f7a158d96e111433f4a0a54c7bace8a36b0cb0d22109239e8931b07acd6cff4483b7d85a512d54a34b45f53b90847f92457e0d3
c152,167,0xc2346d4a841db65bb8099d33,0x39505b42ff3c2a078c2ef3503ad5894ac6a1e1202fd4bbb5b9de9536b60fdc2883fb5031bcc16861026d359160364e1a3529b4501581e514b51ff153577ad318e80947cad704b1a4ea7859bd2ca0d2512ce39f6bdc2583c5
c153,169,0xa6d9481fc0ba9c45a1e96cc9,0x5bc85acd1f6cfef9bb5e1f269bd60e7ce33b3818e18e6189f1795ac9c0042da8ba02bed15556b315480932bff459914fb7eefd4def45ba9551f2f5aaef0405c310d33155d2ae6f34c788b7c97e4bf2e3410cbaa43fdce9b8
c154,55,0xf67c1c41cde2bd3d8b0eb7bd,0x2d8aea23d559bf18f20575f200b19983cede3b0c9d2ef8256214e18b5cc4d1f220aec530bea88bbf00c20578b59357271b03da8b74dcd9d02876866c11b1ef8dd207da96bc5ec963fd70914db093dbacac4086b8dd3fccf3
c155,211,0x9075b8ad1ef4a5e4271eafa7,0x7ae8ba387c73ec5672b7d2281896715f1095b18ab1fd0dd9391eb2eeacf2dbc9d7bbec1ad8b8c800370963bf7c829ac4fff76c2f882f9693203e24e6063722272af696e6e8d62cb79944c4f53bb2a8113cc36ba14e86bb4d
c156,165,0xfdde8bd492e0212574c883a3,0x751a78b648298e6ffd76bf9c6e9d7f0a6ae68b586a734b30a911cdb124362542e850510ecc6a13fd844aecefbfb81e7210d35be293541021ed93c1c3da9670eb3f06c1d508d75408024546d492cce3e0d07ce54506d09c21
c157,191,0xe7c44acee33c83f3a462dadf,0x7252dcb4af3d77a5530a0b7fd4e6ac92cd81e2f03d43f3f5431ae67b224f344f1f7c1c9f222f9f293b112cf9d3b6a144d5f8e0abdb56d94586afdcbda842272f8e3e126803054a4cb81077222c7385bc2b9006864b8ad523
c158,111,0x9d525d6b0fc77aff13bbd29,0x53b790bf8752b13b5bf8ccdd8f5e6a2034fb3246186cbbe34a438c86e88ae47160fd0870349bbff3c5cc83b1e59716034258b230552103b315667d6a11809a89a4768f3e0510760d786a28b672a341e1e9f4b45da6c149ef
c159,135,0xe33b16a7cd53d1bf78cef209,0x143c1166265858a4bf94a84d64c2e03bfc262fb641004ed2b430cbdd945e78e741dd5425e2f05aec6cf6ae8728a8209a559219de74a560f2bd1f562be35fecb114b82b81f035542b355128bf72e9fbda664c26971fcd3f2b
c160,85,0xfeb2c1febe8fbb9842194db,0x480294ca3688a7df0ecfc878071294e488c8f5f598e95d351f75f52ff246db396f9abef231fca1a27672b9a719a701b454d60bbe1a41e3f2274cdf0a93d5a2bef7b349c3ae3d510b7d646b7b840875b13c3fbf8d953dff56
c161,155,0x98ec9bff0e60914190bcab65,0x5565d9f9ce5bfad0f6c8577905179874aa7c52ed0c3beb3c420cfab87d8596a10a8bf31c70d5af69f09dedff9d91a3a20b8b072642ba6fa6d6899303af4b8dabf43f20c1b65fcb951737f2dd9e5e110d83d69a355e21dd8b
c162,203,0x34cd8fc5f074069e118dc1e3,0x80681185c203b17224db912c180dab7a2d96d36419c0dcbac7fc5428ae661c75a4bef817e8e18ba1ed260c067e734d4b56c8a0a8faac38c0cf0ae0c8c2559732025d40ccb9886123a8edf02d3ba627e549521b894b9d59a
c163,181,0x6968f210b1db40b93c1efc81,0x22bb3ca18c49563ddc4eb36a955ec0188c7263dacb9a10ef0b35811b92cdec9f51c76a925b126bb7db22d8d50e569446bb04668bfb4269d2254f5050ffebd978410e9012c887fc94a655d600467d3fb23f0cbb3adcf1ec95
c164,65,0xe4699665ef04c430810a5b6b,0x79c5cfe0eb3c2e97e8b50b8429b993c2c26350fb8c6287701dc1ab615682d4027622d0cf31001023e515fd60e35dffed1e4ce1010d2ce29cffef9b613899e4147cf7c419fd1c823fa98167c6f9352187a0059583b8b60449
c165,89,0x46f53dd3adbb678a49603103,0x18a5d4e8f836bcb90a1ed54a0c2569275cbfc598918141b34c1139c2fd416ffb61cb9d4a1326239a1f677fc4b677b2066213d43a06606e3dea0b018e52c82eae8a54acd17a07b3315b7f7575e96a85f995b88371453e50d3
c166,155,0x6b225a6141acc35441741a41,0xe37c6a1c91f67e1f82ca67f96aeea49265e052b49defeb021f92acb3a788d40cc8268f71ed1d74dc490fd472df283b12c733973b07fab4b577a741aaa0c1ae6d2481666de46af266b0367946015f976b1a335e6e93cd40e
c167,169,0xd19e5ba642dcaa44cecbd89,0x42169c35d09a19fc203fdffcfcc4e13918072087cb8dff511a0cfea6cffb3b29c0e153b2079fb1bef08358099054f2609524ec39a9f6c2e7d84ef2a5ebc07627a318b32bbc15c36ee33e3d75e1cb235f7433b8bac0a98ac3
c168,191,0xa5359ce66d8394a5abb22347,0x41c003ed7c51436aea50d603e749cee1ab5e8abf5fbb29a79b9dceaa4b6f880248c25333fe1bc93172127e20929281d69566a2a489caec755219376fd2c5e4024b46ba049d7f935696a5a109d9f9cbec74d7a3ba4d4fd87c
c169,117,0xf515dc0c5d73b2d6c0ccf895,0x7f79f99866d9546a0aba808b486465b5c216147d235a9748c8a30d3cd9eb7c4cdbb033c8f86b98bb99f50dc6222775291c5ce20ac9f3d834a7034c24ebf2f209e5ba4e238ad2cfab0c9f4ea781b8bc353a1a67f40d85b4be
c170,143,0xf844ee4dc0f03871505a66d,0x7e6ae2b6b410d9df77379120da4e01a3b921efb15e7ea79a2724a2eb8d73fce945863c88393f186788dae7aafca7f8770edd4ce70d7f1ea27a002586706053be74d90603203b4938c043aad56fe97260aececde74ffbac3d
c171,9,0x9f275806a0e1495cdb82f05d,0x6509cb0ce1cbe5101289bbf362b284dbfb527354bc3a246d0ecdc271257cca1364d2a3bd30a1cce9e1d2f0f0aa881140d059efec9b29be6ac6c41add75dc51e22644f4789f8dbd9e2fc143b96e460ce982289596a8941434
c172,131,0xbfb2a7b867e48451b4c53245,0x68e52acbb6c456a245dcf61faad2fe3a1a8c99fed698198b0175a3c18c6849abf5e2ed78c72991446f5e53ff27b0e374b09ee31c3b02e5cdc03679c9b3f550125b437d8960eda47f345c1a683421c5f102b09444ae90d141
c173,191,0x27ee9385fb2606474769e60d,0x5fa92e4a3eefc47e264581391a8caac14bdd6f7e29bb1f603c4adea558839e82d2348bbd64e53626ae29a0e895df3cb55efeb38f3350fff3596203d86a23ecc805024ab67fa4aa934ada2db618b585c74c373f20cae402bc
c174,111,0x33a658b653f68333335cc3a1,0x579b5115066c4078810acdc8cc922599935e17529204c41f4d39029f51cab8c800201d168a4341fb478eb64db7019a9e581744199d3225a43034bbb13c1573ff5fe914800effd179df6dd2e972bda5f0029bdf1223baf21b
c175,219,0xa63c2ae18f25b6b96238d107,0x229ff03eb159ea952d84fc29c9b6eb7bcffe9ced40cc1d1e2e7c91cd82faad304e93fd315fde33789f6e26e02233574de52d9c4793495350e3f89f6c9d8bca0f48e19cb9ad669b1c4b9fb5ea81675f2bb6ee48e30d08042d
c176,215,0xe64cb9168a0e6c86778f1c25,0x18056499dc5ddd29416bc820394e49ff29872d68b48e6e57df5dc7c0dde4cd29949962662e5408a256b0a032d9d800f615f3385f6a8853f7c44c4ab48d12190bc9a8e1847d96a4ab08c52689dbae254187b97ffdf2f96ad8
c177,155,0x9447883755a7c683b8afa83,0x859fa275f7394fe4cf9e184b098af1be6ca0a3fe38c3e8c468118385b3bbdd1fc0e9efa7dd1d03bb6d77d4cacf3412601b9a3f2ed9b58fa3b0c795e9761443a214cbb102352e7be17d70d6f1eb99567bd791caf3f9ef8957
c178,21,0x71a934278c2349a2f564ce9f,0x6022da72b19e5f3a779c65bc468a88657e186e1bed58c603607b738574604bdcd3772ef7909dfad7d1d3dcd0a9006bac25be56f5105ab47621d81ed7b8db2bf98c4709a8611d7bb4018430b84c7d1abbeb98e1ec3c53333d
c179,31,0x4f8b19ba9d2575d286f6dc35,0x121ce1997284b83b77aabf52b9793c4761164fd048127f06a39b0cec204bed7996fe74c1caeef20097ca1d6afdddfadd172812cb3c79c1206e48d11d65f9664d3a202d8eed19231e831ddbe40a0a4d1742770db5f6c2d682
c180,141,0xc0c259ada15da0b5b9af5f7d,0x5e60972f3acaa0adc1f8d797bb086bf5b0548b7e2614b345ef8a6e04e0b13506e88208529a764d66d9f5b2571e88a4306dfed434bcd0c2d13158cbe47569e51e2fecd3fe38688997c7aa239f2299d80ca417e31e829df59a
c181,161,0xdee638272d172a3f76c3780b,0x61b3b0b6d6327cd61a3b1722b9fa3f9e1506ecdc83e46c2d6e8e6e58e30730ff5457470ac02674db3c2202ca3a8078aca74b20c3df0d2863c602dbc8aa6e8a8c749ed1ca2ad3227e5185783f40d39dda91aababf1608dd8d
c182,25,0xd71b34f8781a7ecf889e1ce3,0x449acedd68c8268611f962bb24d6aef562706efca0ffc2d1c95f065aa3ff7836dbdd3a0637d55fde847f8a1fa5afbfa61ac61f05d9025916a7ec6dd119bbea1be7f34602d8653977e780448cc65948d11d70b834b95f857
c183,19,0xfdab6fab7b78853e42534c69,0x31129f8cbe80454e5a5ce269d434cd6611ce081fe97fbdd5c66559b3a159525c007f56a5b2b4e03073335b6c027dc6ba93821e0d4b64a07881a64f1be799f428b7fb49b0f64ee6602cf8174c089dd7796e65b101e407ec64
c184,35,0x742264dd7a3d1ffc8e9e033f,0x1f228e76763e19552bef47e9c6a958b4d6744741afd2fb632549d53ecba756c76c5ce7eb1f706c6fbf1551325a28074ddcb6ccecaafe0adfe4286f0d6243d53800bdcaafa6bae78daea6d12716745aa137db0e38f2c89223
c185,197,0xc965625fb73e93cb995473bd,0x5d1c8f53a60eb122ee4990c205f917277e8543510e6fa90bc627d6b51cc173b4d570a4e407611a00f75f0e6257f7639425c3682cce3b9debf880431a43a8f85555225faef53403134e847cb53ec249cebae3d4e4c659ea6a
c186,57,0xec27613f024d95b01573f359,0x310b8a12e040a5bfd90739efa666c75fa3673734fc35048adf5257e1f0c61970e6b7632dc99eea2be62e674769b51deb1675fd30fb5cfff2b7c4285eb9336e267b0fdb30abab18a9d0c339f32ba3f86fe3e6025ea9e316ea
c187,11,0xc219251cd9342db6e98b26d3,0x1743a3d2db8758bbc5b52fba07f015c04c2584d5232de376845a9e8e85e2f3864177fdbbbae1cda3b4ffebd8448e6de5c824db663698fbff6a00599be89a468f510f813d221b6502fd9d3ab9902206ec76d9808c189262c8
c188,37,0x111119265f737705e38f6c99,0x5f50f6b2c051f8cc468ed0eccd81edeffa64a1daf703ce29d3a723966a5a7d5db2410524a379b5b326d3477f84501991f343ae23bbd5832e5b28382718ad775a26611db3abc2885adcc94c7da91bd89db6ef87a1e7f0e9cc
c189,15,0xa2195268a4c38e0ad08451ff,0x66dba7028355a0c2da16094ab5d379348a150ce8a999593642ab10c406a40a601c9d2e5a37b2cec39d18a2c6f2d085a492619f591fffea4d55344393026d990fd8b38d0e8bf6194cd8baf876ee10da7bf846ee36f5fe8eea
c190,17,0xa67a67cd106e24ed91db671d,0x39617cbecc936fa128cedc097d531590e45c45e3e42136f0d49109d8d9631b761277f36f8188551a17e584a1aae7439be2fe0d2e21e3b7455e921e92ac6eb8e084b3fe97df4ee82caf3ae971a2fc900729721032c82489d9
c191,15,0x53fe5b8dc631bac42513065f,0x4821e5b44cf911883b625e7bbc3731cdb8aa291885cf44fedc178aec212ba1cd07d4ef8a97ab12a83cce0a63fdfc6565e59df7fa91616da61cb3fa5ac64566582fc1774cf579ccb1d4a77bd6b32cedb3d3fe12a8f5286849
c192,43,0x425db88756ddfa05d8b5e1cb,0x5424aef75e7dbf03119f6c0d40d6c93d94b86e9955274394170a49f914b2e1210090716f0eea9227a32b40bed4a582883822bfd7d1b3e4e103c2d701495fe25d640ff8ce6ca05806e32d7d31b8395ec090ef27d508af7e7f
c193,23,0xb7a0c611cbba772f6b1b0fff,0x51ee55cebbcd21b6344a57b42318b38b700f9afac2c7d1bed3c119994df6e995e73642ffe7789d620f5fc6610fd0f2d18213a360550601d8e528c0e2cb2d2cdb1147b4566045d9bed4127d1bdb8f0ae92451218c11c27902
c194,13,0xb891594a84d3c7373ae5bf8f,0x100eb7e104d1580523a8aa1bc4b0717a98f34fec5d72cb8b57d09ce8f1706b962adc15fed1e70cebf40035c3bcd7fdf2d4a57f6637d015af3789214a605d69f2b600375c962873f7aaedd91cd12483b77f5cd836c05be101
c195,57,0x1c90f75ed6bcc8b4d5928de3,0x75b36ee607606fcb784a0dcda9bbc7717c712ec8a6740d2d710af3039bb3d82ecf7dfc451018aebab451f23aebb8d06996ac7fd4258e5989fac62a8d3fd14cdc31d3dfae90b69cf90c8d4c914048403398493aabbea0aef0
c196,9,0x3d3bd1b6f9bb226e450379f3,0x7f8f09101b2a922929472c28fe2667075d784afb6fb9bb41859a6918a3ed4344a1728bcc5e54913eeac17309d278471184a415c8af7c7814b94e986e9ba02ae4456115f913990a602c0a02ff0fc3de6445d7a866a032b4db
c197,209,0x43ef27137c748be4f21a8e21,0x649873e6486d44887b87c55a6e957877cbaf74882ad6a812e2c46d2f820f5be3eaef6dd8111487512ef1881efe17f2d63bfdb90a9ef0e8edd8a05979c1d294a3755ed5f3652676b6f36601bfc13499961a0d1c085b0f1b2a
c198,91,0x18dae6d3b7807f7bf13ff2b3,0xa314ee8dd813658072c2b9a9cb2c4d787080f1696a61c01b8607a5213df119692d2cdfbc59ca981b5d7818a16039742bda8ce89183cd5e2d4efc19b5f3165047566118af0e5856b2fd74536ccc09aaa19f0d1bca6f33064
c199,213,0x43a4aab9d1211aca700dbf43,0x5abbf1472c42f0cc244b99970425a3d94a7d5858035b1f82b4c96ab79da47d315c061a7d0c9a38bf03c6c5f8876e2ae1bd1a6c1f13043eb3bfc7ce9b32d13bd5b500be32de41a3bd8d971435f838c3a44994c8d23bd23955
c200,95,0xb6d7fa87e0e7b315e17ed493,0x7e14f609ee18bb4008bf9a334c69f271d8278b133e3fd120119a80ff9314da4dc2b6ea3ae20c615e2f72240f9169cfff30399f9361ca4fb9b9bbe108da69c3dc2175d65530cd58c6a76c83d2adf15e91d6459601dab16dce
c201,43,0x1c6f3a135c4da9cc8c6ac695,0x3ddbd6b32d4a3466ba84b6fbad810bf9c20661a3e971b05bc24da5291684890a66129a99881904cdccfa489966db87b9e5561e0d9b1b4b87c7ee8fb402b021365779145bc0bfacdc3e22f40279d7f924681211ceb5b980cd
c202,63,0xfc02789efc990646e08f6165,0x43ffd28be0d11e4aeb54689e1e642e9c14a195306fda216b473819d7be40171d63aacd302828e75b8fc5fdb11ab835b507e3d218ed07040f891cbb9400df988751be5d4a03e31f5913ab732f8898b95b1f4f6adb71d2ff4e
c203,123,0x207d15c80a87665dd0d20f7b,0x68ec2bc921803c15e8e5665971be175f9319a1628ce85f348596430db617f450fd64b093bf234b7bb028883f733e684ab556e3e501023fff270099866fcd8ac416d72c9695cc5b8e9a034b9c6788dec0ba7f28bdac671bfb
c204,139,0x1e32fa5fad554c5175d61dd,0x5b4a7bb8ce54a500944f8a86a6940261524b02747aee75a56758f76b727edcfe46b9d41e325f2b12a3e6bfa54d2f2262a3df7923ae80dbe1bae893aa3ee316f50359b84593cb930c61b04767b81b2d9dd79a67c574cfa87a
c205,21,0xa627796ef86f2748acb45709,0x5d52d01155ae2d494bfde189fd2a42533bda5e8adfd057ef50a5043ede1474ff7feb3bc26d02cd5c9f97866c1d9920c6e8da9b4a1ac868ac3f4d84ddc17d0013f25d823c49993af298766f31f9e344c34dd53f8876555989
c206,57,0x966450b1cfb67cdf4f552bdb,0x29e95a729cd5677acc67d2e8a7e5539b466affb490eb439fce23fc8de471851a8c89051c28024381e2eeff118d228e0d1d86583dfb41e7190b82c7e9dda70219076272001159ad46ed3a703b2f7de4e5609ccf9a053cbab9
c207,179,0x722857203f05fd330ce9ec3b,0x22cdd425cdb8ba6713dce1483e500404634286a83c7b468caf632e0e32ce01d0d7c370cbb0e6c8fb28890d388a8b9b980ee20cc8f102308babb4b7d9d0131fd1882047b2f5593a6b33309b18bba67d5cddcdcd42c9919cd4
c208,181,0x3b09394609fda5b07431a9c5,0x2b68c36b111d70f19c8adc5e962aa98d00c27c535af7591d0800e2ad87b0449e2407c4b0817086dcf91592b0e972a405f9c1eeed0bca0a739856ba0d591ee92efef2323220d08b00e9815a2be323b09bfbb8b68ebe207b2f
c209,199,0xbdf203ca15c2dde9090ae009,0x27bff94d49d580524dc1f758268942fa851596368097ff5df7cc2b781ad7af51379391df02f738d7f8659529e213f9ed8d37d2848b2f20e5be59842672db62ff74a2d6e9e6f78b54f41d1ae4f937a02923b82b4c3afa1f17
c210,197,0x559a728c0a6fa50f1dd2d97,0x5c972e475482aefdd6ea07a5471a890a00e4249b01350ef0832a896842b39c28607ce64a08a5729b6a54e6cbda508b516843adf7548f5f1abf8fe4db328005f1deaf58b3c4b6b46fe01bc899c7e03686f2924082198325be
c211,163,0x35c0b78bc3b5461bf4efb767,0x3f2c385b892e4a5b0f0ad300c5cff8d539a20d4f9a216483e00592fc739b89b33d0e616c285d9933e4877be2778259a0f43a953694fc57bb4c60d775fc5252e76f4d80a27f1da1cc52f4a1fdaf77d598e8157b4eefd5d64b
c212,155,0xbd1f03ca46ca31d39420f3df,0x5109b479a4e39fce8c870942b1534127a7be9d5f275b980d00bf3a4fb728453c5f1fff9f70411bbd1629f44e29b8c4b56d712d553e88807f056e6ea2966f91332a0e014c75b77672b96122140eec6570b5b856355a89fa13
c213,31,0x3f48176390b94612fcfdd545,0x752c5d22eb5dd722dd9165d665d4ddb360d740e2cd5c6ca0105c2a94356fe5ca7c8f47e06b6c74d3fb25a7248aa6fbd2c0d1f6ff367d046c26abd96ee350d89204321ee25a02138daff4aa25e43ccb4651768120d6115888
c214,55,0xf5490ef6ee7dad7e4d4df5f5,0x20a9b1e85837ba19f86dcf29226311383f3a39e5ec150bdba9e204893c1da123fcd8590b310e4aa8111c841c0871a480f26426cbb93fb6bcc76df2022d820dc82a9fd3ecc77486f02e6cf51b8897c3b44d4f1cbfab30a35c
c215,107,0xd7cabeb94bbb6f6c24f5258b,0x4056716cb0ff5437204cb3e8a74ead3edb6442a4ec15d41be6df412b171291bb78e5e3048eee8f7bfcb755c1ba10ff76c60c9989018c2640cbd6bb0303d134ef5c600c67b0200431f9de5ba4c64c381f38a3d4d49208db2c
c216,113,0x4bdbe85fd76a84d78050e2c3,0x20217776958b449e311150cb16a21120a2385491f8e39c3cae559c655fc512d82ab43e8d01db44da4ef275da78b1ce1c48f067809ba5238cf273fa282fe3e0599eae63155b548a0c0c9e330668eca1de3b5fa3bac4ddb3d9
c217,19,0x254e3f0e2afd3b084526b609,0x5e08118fe7a26d06f7e2d9c6f2569abf04391d8a9b7b87cefed03e2b35cfb4bddc7f050510ca5034598893d84c2fe07d7c0018218f09448bb8e39d08f9ecc90c04c5549448348e8c697a7b2e1817bf72eb9ad183396695a5
c218,109,0xeb93ad220db0fbf2c4d9767f,0x1903502b8e8ec125a9037677567519f0f081f67da9a85e0b606d715635b6f7196518a8d1324d96468eb6d874d822e2532a1dff5e21edbcb4d9d3769370d6f8080fe12f7009c7bfa6c458d947e3a88ba3d116369c489bc215
c219,93,0x1bcc02abcd079056b56301d1,0x4cce4dd3860c7d08cfd9658d3af8ce79f4f1be1067ad7b434897bcd969bc8927cbd3576bd1bf853d350686b2ea96905cb22da990a022a0e7899d91a0b3d89baecffc5f084c4eb2c698d66acf9dce5f3df319b34c6b64d54
c220,53,0xc1325e05e0d4de1f431c7f2b,0x63756631dbb64d91da911661dc90e077d99750749f6114896227ae73f84e134388fe8745382a098a6ddf444ed875cc24d88233f13db259c88550d09799a90f5b0e4994517b639a8a1d0faf9370de8387ffdb0c232908718
c221,9,0x9a149d307d61750728f673c9,0x14e9dcf696cdda06ba4c37e0632a3bae8244d0b8534e076a5893380759b41f4f07d0d0dab0c26a8b0a51305a11a91ddd35978591c57c7a2d115cd842e2c08df1fb518d3625dd970965edf039f8d7bad2cfea8c1e4db905a8
c222,205,0x28432d1a53b053775b8f6fdd,0x1b1897cb6ac2748ec355bbf02ae0a5833c832f61153bb33dd089012af85090bf59ea37cc2d45b4a0eb779064881308c76382e609476130318bc9050453fc1ac149d78067e3e9cb8d5828dda708a3936b80e4c822493398c3
c223,219,0x53f434b57227511ce371ac0b,0x3f82f998053a9d77a0365216c621c0b59639b49813643c9a7b0da06b5aaaa1a5368e196b8c2b74b6e2adb273d871fdbabf2b2ee914a1dd0bccf88d05941639fcf14a00b82b95e42e0653edaa4360e3357345044d0797dc92
c224,185,0x4dcc1453d3954db5215422ef,0x750430cc1bd73863ee4218a90a1218b56ac8abc6be4c27f2c4ba6e7140cf49eec2e27cfad4197d009a2bf727947e9bf9c1edba984f489a113738383af44bc2d7ac36df3adcf590a1e61fddddf33990d21c4c9acbe8f0a67f
c225,57,0x7da182d13a12876fd1d55417,0x643e0a4a2f85d93b17ed8861d512be78adf746043ce3051d8a52e27364f0491b5cc063267702ff79dd95129f5f069bdcff6cf6ad903b4996eb11157e74d96d6034425823a789beddc68488861ddcf612f29e4b37e22c2511
c226,101,0x44cd631adbe475e897c16b7f,0x7e59d1cd4ac41b7ce7146bb6af91699e612ffadf439bd2d6446fe9748cda8b8e78047e22d66bc6eb26ca1068c42982ba21648e9ac0a807bc9846a73b59d8dfa8364d1215398643173ca53f9c32a1c7fda26ad149716b30cc
c227,197,0x8a42e72cbe9abac0d31485c7,0x7fa5e44558ec75c0b3b835fa88b619e9ee0975b6cb84af0b92a2b53e9f57e9bb794168add62a7ef1d6d1c39516c51bac7fde2aed4ae2ad6f9cc56e5dce9367f4cb14ad989bb0ca2012de5e03f1c6b26de3c921e5e96983d9
c228,205,0xc80aa72f13fec46972e491b7,0x6a0e33cf2e34cd312ae8aa3188bd04cb1fae67c8a32c4da65a7e07ef4622ac5bac9490533b7da9d0055475fb185dff2026217e7450303f5bfaace4e7a01af5d147718e74895e9dbcf30de56464e93b1c8f426854ba6073ef
c229,211,0x2696f48a96a4408946c8ac55,0x529de39d61a86695a40f9fe120a6baeeb7e3b80123bc40e924799b5ce0c8c40c993731155445745efa532d82c03ea5eaa25da4c95b9d2923e659614bb3c480012497b2605a9e378bc0a5e4df474a8bf5b20cb851d47c0148
c230,73,0x422f85446747ed9b8635d493,0x2b5b8f0aee8cbe49769985cbd34cfbe2e987cadcdaeb2b9aa20f0df1939399b89884aed297ab690c71bbda4824a97883db46dfca403ba8a5b2091d6ae8ce3cc936084b715306b9b1eee997672089e7c8d5e4b9b22b395d6e
c231,117,0xbbb012dbf3cfda76c5349efb,0x477818a35856cdc76cd94cee04d7143e5a0c20af3cc5ea97fce72e015c0c69bc67efd28ffa6f76afb68ddcf02b81e5793d7cc9c11f339a52254e14620b394629f848b5002bea88080ff09ede640ece832c46bfc287003d9
c232,31,0xa401bd498285bf5729ff8327,0x134bd78dd08b27f6fd0b711235c4d6df67f5cd551380e03d14f6f28de1fddd72abc8ca71fde9a13f008df46eefcf8a470ef4beb6a34d31b56aff93262bb591a780d63d816a6897909e9aa98f8d83d3b7052c3c87f1af7edb
c233,115,0x63a6903607f9557189b38467,0x168109642d9fb8d6b719bd41462b8e9c4c36e96a0c93581ea20a6f80e891324929b8c933c1d6cee668a2dc99ff5d57da5e1d72cfab2c06b99e83febac2138e97a7b473a0c8d57ef205de7966c1b5a24f4fe79bddd8ea4353
c234,15,0xf380d006431d01ecc3969283,0x6d8f165a1c41d42023e303c80cc46a364000acf940cdd72a0bb30522d5a0412500c2ba15ad5d24555e0d26dd3427611f6153fa405e8b6d2d458c7b8582dccf30aeb1aa7907905813450c4801d95e941ee2aad961f4680ffe
c235,121,0x571ccc0aa107e2c259e3bd97,0x4be5215e0535f6c24f29ff3e89574c40319644e9a25a2e7a8080e3e2ba6dafae7a1fa3605f1ce6c558ff162528180f8c5f29347352209e06c64a1bb82b0efd4562f8d3906fd5155e9143b1fc1aff20e17b1403fb91883c5e
c236,185,0x186e37e90a4d262137c6134f,0x49327842906eec1b85093a4b4df9f28a5b7c9c9f7d60e94ae5d852b86132a63f56b2730b1e7fc53549e6cc153857656a031ee46c8665f8a89653fc2a1efeee1d474c8c166f187b887d1a23b7a33dc5cef8e18e1d56cbd46b
c237,53,0xf04672dc987cf98de12d8eb9,0x7897b54e8c0d2294f97c2513734dc51cc1d83b177ac591d292db8dd882b2d923e2758473558cd3214daa5ef1ff6cdb90ce3827a54c112b2829ff7ca62c4b2236891b406d6482e84a0c400cbcb5dab8b9ff3d0f2b86f79382
c238,135,0xf9b861d43bf10cfbd3eaa1c1,0x3348132de59e5684a9fb1e15a896d641496a50dd0c7bbd764c63c54f013ce23b8f35200c78a97bfc398ed6db4a9b2aaa4c66d1bd954057423b42c784452f698fe3f40e19b2bf8eac49cd55da16414ebbf7a994c9c15228fb
c239,37,0x11896b7f95662151c855e5ed,0x700967c516ad5c0e56deed4fbb9dec0c560514991b55e562e9f4d870f0a1428c796d7b6d789d4fae46e170f56539f3368e1912134ab434be9d37cdb04ac418c4d3821c475a4067de305436dd8f18cacc5659efd76ae818a7
c240,137,0x6541181b97cabecd204d6181,0x4ad2ef1b545236d5431f5becc0204c7732f79deaa442d0e4736c6433932c7d38e2fc48e22d9904b497d7ce3e475b9da1bd38a927496924a9ee21e99e8ee6e1859111ddcabdcb701e5f6f82b660d74937893a9256ab021cef
c241,123,0xe5f1da24581657ae926129a1,0x3fa6e201ac13ab2e231f498622ae59912fa50e1022ad81d902179b91241442179b4ddbd1ab0d5cc717435fec757ca6a86b4bffd2bea67efcaba78e033586eccef7a95787430168a5c7a181ac6ba2b86fbb84c96c6e818a6
c242,191,0xe5daf5a9b7c10f7d3f658571,0x6926e50afeafb21df931d83039e23f70319108223cd96b8e93aedf1bb5f01a3a3b2b678682ca1b2da3c8af4e088a659b1ab018aef0fd6cf88eeea641aff5ff6d46f528daaa44bc9ea7ff47d72ed6f85986f248e8dea05993
c243,103,0x2d89c42ff51ea34eeeb74929,0x5be904722f56ab9240488fe16195d8a060c4d26aeda9141667260a6fe9c5f5a7e1bf3d5a0538bb2b00131b7cb5b40fb846950a7979b6c6c16ded55b6650f153a06acc30ef350911b60275304e71d0643d29a15c925658e33
c244,87,0x41a95ba3ef18a0e8e6bd87d7,0x3bac5c4761e1463d08fe1dfab591fde81d7c460ce86d7cacf96685d0ed2f0bd9d2d96b5b8204dc2ab8fb4b6bfc5d977f05c31274c81898a934830f1a801e8090451ae53e73c3c001a985a5a8ea03966b93c147ea58f6d780
c245,89,0xac7ac9c66576943cd2e6c9bb,0x21ac78453922b27a953394757aaa567841bc913c31988930e550a157a0a945b5856e58e165a6f51d91e5cc085ab78a93283b0c07cf2a6c89caa053a8a11616459516dfcf805d84d824f2face74f093d6a9f7465ae491c03c
c246,37,0x5400d40a8155195829aa7e35,0x197da71090663c37d814d3748f40222c55a4a74bd67595a0b8c48036db7d144f9de181e0e7865a57a029739410ed60ebc84b682ffc759c7e0de53fa9c6d71b32a418b50258067e7eebeeb5b4113b8e0166fabba1b230b24f
c247,215,0xe26662da11a27716afe91c83,0xda4f7291e06771273d2d7ed5be01f5290ae43312f04d69e56beadf2cf35a42146085ecb08f53a528a7fea3e5ebe8e825902ab947af2d1503262d94764e6922ea82569b80e706b7f857430ac1310fea470140483242a1591
c248,151,0xef8d936705b0a91d2c1d452d,0x155466435896680d62b35aa5c629a84306c098cd301337ac98c403b9cdae994d6f1554970c753fea0ddec5881a8587f45a686ba980b92cb1682a06b744373993361f7ced002f094fd4113352af2b1603dc640433cdc34d4a
c249,7,0x7c76a7f497e6e0ecd70f12a5,0x50544679427f3c8ee1cf57e49368692af9de49622729ce9c8a0b31dfd06081005148fa7557c27206fa970c6b99dd431df1516d7f89b4e5982f08734684f412e3febf4356c326c6b139f2e2204d739e80268c0cfd9a9a6707
c250,129,0x4acd828b42e41a1f5f92ef39,0x50900044e7e99bf047ae2abc51245a0420fd63bba2e5d1001f77ef4ed5cfdcb2a708293c54512098a52eb4c3eeb09a0844dfe7ad50b61cfd0206f43bc219c4c0fa51f12641e241b821371e12763b7dcd02135465775c9e41
c251,91,0x3edf4953d5e822d51ef2f085,0x4d5d9fbc489d67408660d1dd80f5bc990c65fc2fcbd9dc8b2580d57abe8ea98690d429c160240be22e6785c1286506b5b95feeef475f9e4046c54229f00c9672d4596a257ac584ee6e0286074e01a03591d98ca4b7d266f5
c252,165,0xb56bdc5478d202719f2a9519,0x6c62f10f997aa5ea6e5b2c1de7b0303f3ac867379cf5f939feb1031ff0a5d6adefa40b0e7b993a0f12f83ce0623c381f3b0be1dc10cd0c88103c0ec0bfbc255a20e74cb5ed6958f2885eed11a0eddb2fb4bd76fbe3fd939a
c253,145,0xfb8b84da9d8cdada283ca79d,0x26c3333ae2442fcfc2199b779f410451210678297064471ddececfdb9905c7f3d424cfe17bf59d7e667b3882a5224a4fb4c1b127eb91f26d14b402bc8c033430f69e3530497b151c342f29eb9c92ef955796995a3e658423
c254,11,0x57267e7c806c22c9d089c623,0x22b15ee0a1e26b47aa301d661b743ab4e00189c344aeea32341e358d34526ffa9b42d01b7b511e00b83dad0be71b7a28574cb853204062b55f458684ed37700d09fa2ae30f76372d03a026f9b0c3e737563f8ae5629d4009
c255,123,0xda975d2d7c7609d0068f9683,0x3302f86d1333c33c72a13900d2e3322ee3a716cde3e242061ba282577546a741f029d01bbc66e6fcde1a9eb8e72102cf11a2891796e258fab891e3bc676af6dcca6c373bbbd5447fd28f9b9e82ae76ea0f5bfc315cc8d4f4
c256,73,0x26fb203e87b64744917dd27,0x4868184ce8a9b8b3b8a86f2551fbf0940b95943555654c0d97e02013ad5697da603e4faf13e824c23165cca07a6b8db03fb54a70b3b1c6ac3fce145c14b5bc8ebe8288a61ba73c8e2405963650670297bc85bbc4253f90f9
c257,75,0xbf70b6efd5e3d2678df98281,0x322684d56f39c95e428a6ba6d5d702a7d33d4151e50dc2af4b839ac8f4901ddfa0049f34c40a37d340fa9be175d90926835aea3f9101ce99dc7778f7a43c775a58e453791be1d52d4142d18d81c987b51da356884ec5a463
c258,139,0x11fe8937ccaeee4b832242af,0x2ec1b91d803844c67f6fd14539da4b779938ab4e4303f598937088959b4cabee73d768f129bb4274322b31b30ea1ccba703fff8f238ea425a5eee049f6f4b53e344778658cdea58265170bc17b9ac2043fc7f89f3d05da01
c259,79,0xb6454a09b2700b30453cf543,0x52831a2af811ac490201894fdb4f3bb11cfc0184cb6c9a518539ce4f432395f0ff71abc062dda6e928047438da06a934b310a1047194048fda28a72a623bcd3d0aa7bad5a41a2e79941c28896f63768cc5574d13ef31182a
c260,63,0x751b7b106a6ab090e21761c9,0x75cfd45a3a16b7bba91581741cc9635d6d7f6f763b5e711d7b689dd9ce888726448cbddb26f5b9c5f22cd8a6671218638a8f77d06a7fedadadaac9bbba95afd375f4f2b91cbcd777110f04c4ca1b8d0a3771f8221097c26f
c261,155,0x34a3ef0d3dfd87e39b39a9ab,0x838e1c89a33e5b28cb6844553c98bb109e80d58e8df288ff3b12d1208f78b8413f5c3d935291977271a015c857bf96b8080ff24cb75b390b37d329e920e0a866603c87d8a76447512bd49433889efc9f3427d64c399de13e
c262,145,0x7d1f3c0a30411944252878a7,0x19fc9f399be966f0516ff708037ff507d18c1be2d3dc592ef15cece0d938eeefbedd524ec6c7620cac6d36133ab1bdd0008c528e944cce3d1d0eaee41e54c87765805551e80bef67a7275740f49ca671986930cc41608051
c263,115,0x71b45ee173bbf2c21f931377,0x4008878805b85865e6e4ab9a151d81754d3c150452be16a5686ccd0faedde0cb09392e2f4982df7c8542db3561992256b6be7b9400612f8ab474331fb8c46e89d66295cae30e0d8d65cffa2c3d9d2a95fc809131916cf2e9
c264,197,0xfcbf01e5cc3192dc3dfdc145,0x1c9a8606a187c66a26cf21cb1c845ce379dca2e916bad4a94c017216d824a5ac55b02cea3574991dbf47b0fc0a2c983d9f76e196b6e577026a7246a423f0057d16700c348a068a3d0e1d474c47b7d39fb0616a7f6787107c
c265,41,0x1061f65ddecd6c3c2434df9b,0x7abfa95bf67deb67f15a283081038cb855a4e65b2cf131574cca578becdb7fc98734e4b6a7c432d38301ee3b8f70faf54fb263ebbfae42215af105c0e07c679983df9a2080207dbd30dd0992890084cd7c82dded20edf609
c266,85,0xc5ed54e88e7c0a849987725f,0x7c92ad084dbcdf416a72a709b96247866f871ad6b737d9be28717fc4e59a35b7259d58e45e7241f25e648f8335e1caf0c8711e99df34d3da348f256975dd3003bf06289d5f1e5cd68b8496bab2c634e13501000234b1fab9
c267,151,0x486f12614743e7290e7902c1,0x5b87907165f8fc33e33ba714bcd9e5d3b6b317772185266f6dc073eae5f5f974b697224250ae576ea2daf1ba549d034d7feb7887ad8fea2df6633c5a72e5dcb2c422f85184c4a1f2cd077c2e1c0c72c57da5ffd362861d9
c268,147,0x6fc98ba35b2ef78f5b63c7dd,0x74beaf9c2ed233f3138cbc524b415f45a91b4ca869f8619a9d43705ccf663e7f771c3783b8a029087e1c377526f808e4c9a51317892ba5ecc87e254fa04c1c892fd1d17244b0eebbe805e467b28bc201931a3a535161ea9
c269,137,0x4e83fd4bf987a18f13324579,0x46f9aa9a72590ed4fae766c1ce8af3d0cc28f09f8fae670d4c203b70ac51d1d4d9cb062656a0664bf34d65da753dc625d292286c3a462db0e864dbd45e81a10a51385a0de00e20410c75a4c408208e7cdf85574b38a00342
c270,41,0x1857bcc3cdfaafeb6299b4bf,0x390b7503a3cfb16d1b3dc0888ff471c9b29e4c8ee14cdc54828aabf0e75575f8c590412a5357b8902d42786f95a76f542cd6672e875530b6aaa30924b200bf9bb526aeecef83bbaa39f9705889fb1be540a41385e69c71af
c271,109,0xcd3c34a76150bc58ff0086f7,0xb252780d3ccd8835ba5cb7595da652b84552aee58de76ff007db8187897fa692e0d2814f6e901405a609811c425c82f50227d52714d1445bcf0f13b86e56ff889c2f2744d2311cfb950f8580b8bedaaffba59d0ebb3e1bc
c272,89,0x75a6cc77ad5358aa16f47a51,0x6a830d0cb7da9f768094cecbafb8817619d801d6dbe721405d84df64f1db0d7e896343edf0ec1e306799ae9c3d73fda469ef931541ef8d50d47de47792f7b4fd0b3cf2963221ca7667a2719e49710fb291bf6cd73e691af8
c273,211,0x2e5b68143fdf835671186893,0x4250ac6d21ed2c25ad568fe1b11d517011140edb753d60677e3e95852e7025c2a2b22487864ff917740849d326216c3b0dd630ece9ba679afae549d747dc003c0839305305410fe8672600ff70fe564fda284391fb60a9da
c274,127,0xf413470b9b5fbdbf164a4dab,0x6dbf18dc3db5aaec2793f423d6b6803109d334cd3822be7325d1caebebb85babf2dd4f0c2b201b436e29fcd63d665552a13e0832fa8453dd5002ef8706c5d49eb9b32f245d98ed3a56b050e50ea1c2a8eea63350025d69cb
c275,83,0x7ae849ad090e9dcb73b332f3,0x784061dfd831dcd9dcbf4cb9078fb62fd176639297eb4b5001dfad39e3ccd180f3e0abbda15323a04649e3b177bfe9a1c091e929a74681faa5e1201631e373372f1fe5bbefa1a8171d38383833e489e2074684194922373
c276,55,0xb147a5f0264c221e005d4f7b,0x4da6c6dba93ddec4b99fa03010df6b519ea28b93484be3748ff171212d79dd1db6eecd2541bc23d2a2b0020cfcf58f3efb5c67759c19d4cb00be44d5fb076ee07d6d48227d71ddaeef0f7992c566d0f3ca21437b015abe53
c277,179,0xdd0b05b8c593befbd3c29eaf,0x59a9a0a39b49bc94a7b7c7051a0f10d2e2ce9a05b4b7eea729aa9f699378309413cc4083a50827b95e8edbb777986afada3b25699895cc084384c77a8ad1355d3bb6670c10c60243f27a78ce90ff23b87dc4e9bf6fc516d8
c278,201,0x53953ab031e9877566dee44f,0x1e7d2a14b71522f598d2c2110d6e5547697fcd0e1b7e3ff8f1e50b822e42263e6f9b6e153f5a2c33932862ff44b031a5eb20cc9b66f7df5dbf6563014e94a809ca18df8a492a5405af38faca5c72a0304313d24bd814ef
c279,45,0xd824b73653e5b817158c07ff,0x3f776aa2e96686ecf843dc2a30faf8460005eed2f756a39a132306fce5f3a8487064b382614be9173bff1c37876e7e10ec4b8bf2ae73f60d79afd9cc6d774770a4bf7ca16a8fc2530801c39ffc502568cd80d8ac2c83fb9d
c280,57,0x96386b40d72f7c62981a2c79,0xa17edf2168ed51a89f90f559f5d86d37226b92ac99c909ccdc2c18b93999578aaffe2245ebcb1f9879db0cd4e2ab5c74c97d4a5d2b5646b59dce6ba17dc7c1047bd8309fae733effd53efda878b00866181754a5c010fa9
c281,69,0xf34ac3a0d347aea3224fd159,0x642b04c2c5bfd93e97fc7f9770f025bbb271a74e607ae3d968b7f2e8f9292615775a948b328f331d2fa9714f51e2b410271fe2fcbe47b91605f03ebb560ee2f76fe49a3ca80720d4a356f36194d7bc3c425d2a0334a9a10c
c282,139,0xf5e29a5f477176d50b338f09,0x83701d616ffde87d46301a7ef759050526e63b544b835640829e997ba8d61e8f91dd70cde22ed76829f7452550bba304d3099c16016fa58c83ffda826319b99a7988e2d54d2c352148e8218ee6331c2dd39933d2da6454d5
c283,185,0xd3fe9edb6dea080a61a7682d,0xd5a228251f5a056ba0c0a000adb7804b41f9cb9e052d464e0cf2739275834e6d7a684f1146a30365d7b0bc00770d0affc4ae0d931ac619337cc47978820f576ca2f4e21cec3df768016138d6aa1070b04c6f8f48dcbe200
c284,157,0x4d4dd68cec0b96ed2ac8b3e3,0x56326e332609b17ec7a47666d5fdd5a7234c08497d0e411f310dd1c19ec45fbf9fb412dde924f14bd9288b8d6780506817db9bb56f2f7bb4ffa856a5631c6676e469fd2bcf72a9e4b3c4dcea50704439e522b00540308961
c285,197,0xeeb0e57ad8d6811c12231833,0x3e6d7a3e3318312b7c93b3e923edd64c2b52c16a2a783a69e6a7b40992eed42778f176b910606ef9f364611ad0cad325e41d593d0584219c227b1487b5dd0c9b478905eadf3c064c3add3b5b4cdf909c28eecacdbe7e6745
c286,107,0xee678aee4e81de731486279d,0x83d77bf80ff0ab717d0c1115048b8254ce20c5e46b844c5a6337cfb4b00760620d0cd451ec8427aba1133a7dcbc07e2a2d2bcfd8699ac4da641bf2da08410219b99b0eb587d76ad2fd62374817eec971501d47a17b8e7c46
c287,19,0x5320d605b158eb335bcea49f,0x8227b2a57edc935645b2780f4d48d2b627abd0386d5487efcf08fdb31062cfa86bddc1a95daebcccd7cf02d277458492fa271cf0d69f59e4cb083b0a074881f32500ce1a57cbce8ae8162c56e27edef3aa4ad2d09b2a97de
c288,31,0x64ec490d590c14d8652e9ce7,0x59fa8b938c14bf707b3cedc5e9a085c1790e975b3991c75b4711fc4bcc2f99035d438be52f78b8fd193cd1c7d5533e405f351c06bf47c4aeb96c0f7e79710fe5ec495c6a506ec30d69deb9fcce9a9c8fde0a7d8576e5a41f
c289,185,0x899c57068b8e6c9e05eb5f3,0x2a5219574f2f139cd593dc8dd7addacd11a091c8445c44931fce43a81797f02f0275b3a158dea03aacba2d20cf8894d9d9ca29cd25de92fa852824af52d504c42ba5fb8b2ef3e9d8cadcc260972c632ceae3f2af1d4961f0
c290,71,0xb96f7aa196df8d384460d3df,0x2a0ee425cd2a744243d96a3341330ec01242cdc8a03685ebd0a41323b11497ea1981187a2e8e9df17778ccfd4c79a06f331aa0c6d15b1a901be8ceeec4c1ba584e9c3dae879134895dfd900ee81b4d350e98c78fec37fd11
