product_id,segment,week,price,units,competitor_price,promo,holiday,traffic
0,grocery,0,26.0419,489,27.4507,0,1,1878.134
0,grocery,1,27.5421,234,27.1577,0,0,1217.829
0,grocery,2,22.669,269,23.408,0,0,1142.78
0,grocery,3,27.1214,178,22.6817,0,0,1021.335
0,grocery,4,27.1648,191,25.4099,0,0,1078.983
0,grocery,5,31.2199,163,30.2138,0,0,1117.034
0,grocery,6,20.5928,591,26.6428,1,0,1215.567
0,grocery,7,27.6023,219,25.4231,0,0,1065.394
0,grocery,8,29.0745,168,25.7798,0,0,1081.318
0,grocery,9,26.1114,214,28.4311,0,0,1077.516
0,grocery,10,30.624,164,27.1744,0,0,1212.921
0,grocery,11,17.9646,445,22.2555,1,0,808.54
0,grocery,12,25.0782,255,27.9333,0,0,1181.431
0,grocery,13,90.6171,32,25.3873,0,1,1509.012
0,grocery,14,29.661,150,29.8439,0,0,966.523
0,grocery,15,26.5169,231,24.2436,0,0,1293.772
0,grocery,16,23.9843,278,26.7539,0,0,1268.281
0,grocery,17,27.2749,138,26.2898,0,0,892.247
0,grocery,18,28.1883,183,22.8898,0,0,1063.426
0,grocery,19,27.4486,185,28.7819,0,0,1011.95
0,grocery,20,19.4293,460,27.143,1,0,1026.959
0,grocery,21,20.4854,551,29.5722,1,0,1162.025
0,grocery,22,26.8725,223,29.9325,0,0,1242.905
0,grocery,23,29.7059,175,30.2655,0,0,1454.446
0,grocery,24,24.6228,192,30.1426,0,0,857.447
0,grocery,25,27.3585,132,22.727,0,0,1070.125
0,grocery,26,28.384,268,25.1839,0,1,1322.323
0,grocery,27,21.1463,440,23.0586,1,0,1253.525
0,grocery,28,29.3559,140,27.5196,0,0,1050.395
0,grocery,29,22.3828,226,25.1002,0,0,1013.345
0,grocery,30,30.5155,117,27.4107,0,0,1088.45
0,grocery,31,24.5543,244,25.1049,0,0,1292.852
0,grocery,32,32.3745,127,25.7785,0,0,1231.869
0,grocery,33,27.481,174,26.3865,0,0,1068.264
0,grocery,34,25.7813,213,21.9148,0,0,1388.383
0,grocery,35,27.8469,154,26.5955,0,0,1106.188
0,grocery,36,25.5765,199,28.9617,0,0,1108.388
0,grocery,37,26.2042,157,26.5399,0,0,1115.4
0,grocery,38,25.232,189,23.1119,0,0,1379.112
0,grocery,39,27.2477,356,28.8031,0,1,2078.349
0,grocery,40,18.0436,568,31.7767,1,0,957.869
0,grocery,41,25.6841,153,25.1956,0,0,1104.1
0,grocery,42,25.9133,173,26.59,0,0,1133.083
0,grocery,43,27.0254,223,34.113,0,0,1199.098
0,grocery,44,29.2476,108,22.1973,0,0,1037.768
0,grocery,45,18.9075,490,27.0704,1,0,1068.499
0,grocery,46,30.3088,133,25.7462,0,0,1185.248
0,grocery,47,26.737,144,30.7343,0,0,846.034
0,grocery,48,30.2075,106,23.5604,0,0,954.24
0,grocery,49,28.9328,132,26.0268,0,0,1049.609
0,grocery,50,25.545,120,22.3005,0,0,1035.976
0,grocery,51,24.5516,146,25.7925,0,0,1089.094
0,grocery,52,23.956,301,30.2991,0,1,1221.208
0,grocery,53,25.877,155,24.8186,0,0,1162.705
0,grocery,54,28.9478,112,23.9238,0,0,1080.543
0,grocery,55,22.9424,137,23.9363,0,0,836.792
0,grocery,56,24.4436,154,23.7987,0,0,1161.472
0,grocery,57,28.4586,101,22.4457,0,0,914.803
0,grocery,58,27.1688,158,27.4162,0,0,1460.833
0,grocery,59,24.6303,195,29.8089,0,0,1240.892
1,grocery,0,23.9397,137,20.8479,0,1,640.365
1,grocery,1,14.8322,308,20.5788,1,0,570.705
1,grocery,2,21.491,107,26.9912,0,0,561.695
1,grocery,3,21.4481,114,23.2019,0,0,564.489
1,grocery,4,21.0684,99,22.1884,0,0,572.975
1,grocery,5,20.9485,97,21.8125,0,0,586.49
1,grocery,6,21.0002,316,21.8129,0,0,2093.691
1,grocery,7,22.7994,110,22.7999,0,0,594.644
1,grocery,8,16.5187,343,23.0127,1,0,683.296
1,grocery,9,21.2589,88,22.5733,0,0,458.372
1,grocery,10,22.1669,459,26.1222,0,0,2919.995
1,grocery,11,21.8134,83,19.6645,0,0,568.554
1,grocery,12,20.917,68,19.1287,0,0,448.356
1,grocery,13,19.7881,232,20.7245,0,1,918.347
1,grocery,14,16.3702,154,23.0274,0,0,635.128
1,grocery,15,23.3406,85,21.4705,0,0,656.842
1,grocery,16,24.6758,77,25.7343,0,0,495.967
1,grocery,17,22.3134,84,17.9719,0,0,670.001
1,grocery,18,21.0627,74,19.3386,0,0,504.409
1,grocery,19,20.8296,91,22.1349,0,0,657.788
1,grocery,20,75.8365,8,25.933,0,0,562.754
1,grocery,21,18.2996,102,23.3677,0,0,511.706
1,grocery,22,22.6775,76,20.6579,0,0,491.688
1,grocery,23,21.1012,74,17.8147,0,0,490.746
1,grocery,24,17.3748,202,20.9775,1,0,542.694
1,grocery,25,26.1519,84,23.0904,0,0,635.334
1,grocery,26,20.8504,156,22.548,0,1,718.217
1,grocery,27,24.3662,84,24.6523,0,0,771.613
1,grocery,28,68.3801,5,22.4794,0,0,457.124
1,grocery,29,19.4602,197,25.2827,1,0,637.387
1,grocery,30,20.955,80,20.4765,0,0,566.196
1,grocery,31,21.0655,85,23.4877,0,0,485.142
1,grocery,32,18.9011,143,21.7896,1,0,530.33
1,grocery,33,23.0544,65,25.5063,0,0,452.778
1,grocery,34,19.6777,76,20.6368,0,0,457.987
1,grocery,35,19.1006,71,19.9669,0,0,426.197
1,grocery,36,17.2357,219,25.0243,1,0,611.096
1,grocery,37,21.022,86,18.3285,0,0,732.618
1,grocery,38,21.3817,77,21.8141,0,0,520.782
1,grocery,39,27.9012,106,20.4046,0,1,707.689
1,grocery,40,19.5629,87,20.3774,0,0,418.401
1,grocery,41,18.0673,345,23.7436,0,0,1935.517
1,grocery,42,19.9112,97,22.1519,0,0,682.249
1,grocery,43,20.7481,125,20.315,1,0,566.108
1,grocery,44,20.9793,113,21.8597,0,0,698.553
1,grocery,45,26.6056,43,22.2408,0,0,586.754
1,grocery,46,23.2406,278,22.3848,0,0,3119.373
1,grocery,47,19.5857,74,23.3658,0,0,488.348
1,grocery,48,23.2318,87,21.8402,0,0,723.189
1,grocery,49,21.982,67,22.3038,0,0,640.278
1,grocery,50,23.6061,53,21.9613,0,0,579.27
1,grocery,51,24.2984,67,24.8914,0,0,520.932
1,grocery,52,20.8141,144,24.8921,0,1,752.887
1,grocery,53,46.8084,32,21.7485,1,0,575.93
1,grocery,54,23.5709,96,23.1539,0,0,806.046
1,grocery,55,25.5732,55,19.2063,0,0,633.433
1,grocery,56,23.0301,60,24.4048,0,0,408.537
1,grocery,57,14.7713,206,17.8754,1,0,571.064
1,grocery,58,23.9576,52,21.3341,0,0,624.869
1,grocery,59,21.7536,62,24.4068,0,0,539.933
2,grocery,0,18.9242,97,14.633,0,1,792.071
2,grocery,1,13.2223,125,12.1408,0,0,633.512
2,grocery,2,10.2971,180,13.9408,1,0,441.089
2,grocery,3,13.8127,111,15.247,0,0,593.795
2,grocery,4,14.3739,101,15.3824,0,0,678.787
2,grocery,5,14.6367,82,13.4255,0,0,609.933
2,grocery,6,15.2149,90,14.356,0,0,540.218
2,grocery,7,13.5688,86,12.1228,0,0,670.471
2,grocery,8,14.1206,117,18.2049,0,0,535.689
2,grocery,9,15.422,68,16.1624,0,0,624.046
2,grocery,10,14.7507,59,16.2687,0,0,522.556
2,grocery,11,13.6878,140,21.4094,0,0,673.907
2,grocery,12,11.2458,214,15.1042,1,0,560.783
2,grocery,13,13.1872,352,16.8326,1,1,884.827
2,grocery,14,14.2154,79,15.9083,0,0,535.5
2,grocery,15,17.7602,55,12.0618,0,0,536.924
2,grocery,16,13.8598,121,19.6129,0,0,628.467
2,grocery,17,18.0367,59,16.5322,0,0,657.253
2,grocery,18,20.0224,40,13.2698,0,0,527.342
2,grocery,19,15.085,61,13.0119,0,0,521.431
2,grocery,20,15.8933,57,14.7544,0,0,577.057
2,grocery,21,15.3171,49,15.1474,0,0,530.746
2,grocery,22,16.8917,55,14.9271,0,0,688.219
2,grocery,23,11.6774,206,13.4471,1,0,618.267
2,grocery,24,15.8109,76,17.842,0,0,591.971
2,grocery,25,15.3316,86,19.5495,0,0,596.244
2,grocery,26,13.5393,298,13.2015,1,1,925.213
2,grocery,27,16.3007,66,18.2582,0,0,718.653
2,grocery,28,15.6372,80,15.1314,0,0,686.905
2,grocery,29,17.6194,37,11.7968,0,0,541.405
2,grocery,30,15.0934,92,20.2087,0,0,559.918
2,grocery,31,17.1465,58,14.1823,0,0,615.414
2,grocery,32,21.0141,47,18.7061,0,0,594.461
2,grocery,33,12.2795,152,14.8534,1,0,646.747
2,grocery,34,18.4382,42,13.2564,0,0,502.008
2,grocery,35,12.5993,180,17.87,1,0,590.017
2,grocery,36,15.7917,62,12.9163,0,0,622.834
2,grocery,37,17.1166,48,18.0941,0,0,547.322
2,grocery,38,12.2288,162,13.3729,1,0,742.616
2,grocery,39,17.0212,87,16.9082,0,1,723.591
2,grocery,40,12.9793,120,16.5961,1,0,534.474
2,grocery,41,13.9594,59,12.6853,0,0,489.501
2,grocery,42,13.6399,88,17.677,0,0,579.978
2,grocery,43,13.8884,63,16.4344,0,0,487.725
2,grocery,44,16.8605,48,12.7915,0,0,571.747
2,grocery,45,12.7263,98,13.839,0,0,691.631
2,grocery,46,16.8678,74,11.7051,0,0,915.84
2,grocery,47,18.5735,51,15.8031,0,0,500.265
2,grocery,48,14.348,90,15.6375,0,0,800.403
2,grocery,49,15.3185,63,13.6501,0,0,574.592
2,grocery,50,14.1229,127,18.8652,0,0,853.95
2,grocery,51,17.0004,71,17.4426,0,0,625.878
2,grocery,52,13.3381,117,13.3574,0,1,820.798
2,grocery,53,14.6058,70,17.3281,0,0,773.914
2,grocery,54,18.4062,59,11.3488,0,0,891.698
2,grocery,55,16.0061,42,14.5993,0,0,642.715
2,grocery,56,14.749,42,12.5886,0,0,496.477
2,grocery,57,14.2719,74,14.8952,0,0,556.909
2,grocery,58,16.297,91,17.9241,0,0,892.299
2,grocery,59,14.4701,56,15.1093,0,0,561.963
3,grocery,0,31.821,45,28.5204,0,1,1015.988
3,grocery,1,30.6475,24,34.2605,0,0,589.354
3,grocery,2,28.957,36,31.0625,0,0,524.232
3,grocery,3,21.8374,91,30.9079,1,0,503.413
3,grocery,4,30.5171,36,34.7883,0,0,543.229
3,grocery,5,22.2993,98,35.5571,1,0,566.679
3,grocery,6,73.9679,3,27.8164,0,0,826.173
3,grocery,7,26.8357,55,34.1969,0,0,753.476
3,grocery,8,26.879,62,36.8123,1,0,547.375
3,grocery,9,27.4321,33,23.9019,0,0,533.151
3,grocery,10,31.4132,42,38.2061,0,0,722.376
3,grocery,11,29.6049,124,23.0543,0,0,3154.521
3,grocery,12,22.2699,77,31.7682,1,0,540.298
3,grocery,13,32.8113,53,28.3268,0,1,944.02
3,grocery,14,26.285,39,26.4976,0,0,682.63
3,grocery,15,29.7797,28,30.5708,0,0,590.887
3,grocery,16,24.0708,76,28.6389,1,0,772.912
3,grocery,17,28.206,32,27.4634,0,0,635.702
3,grocery,18,31.2181,30,28.939,0,0,644.986
3,grocery,19,25.8765,45,30.4265,0,0,666.079
3,grocery,20,33.0662,31,35.2772,0,0,739.643
3,grocery,21,25.828,31,28.2584,0,0,603.231
3,grocery,22,20.6285,73,25.577,1,0,530.554
3,grocery,23,26.6021,50,26.3104,0,0,697.179
3,grocery,24,30.3982,35,30.6168,0,0,763.171
3,grocery,25,33.932,25,29.6916,0,0,567.562
3,grocery,26,22.8196,108,22.5483,1,1,898.347
3,grocery,27,31.4242,26,32.6225,0,0,494.305
3,grocery,28,27.6215,26,26.5982,0,0,586.203
3,grocery,29,27.3859,39,33.8208,0,0,769.568
3,grocery,30,19.1892,111,33.0549,1,0,589.211
3,grocery,31,26.0163,33,34.6574,0,0,605.216
3,grocery,32,28.2887,35,30.4471,0,0,662.502
3,grocery,33,32.141,21,33.2497,0,0,600.123
3,grocery,34,24.4172,53,28.324,1,0,528.411
3,grocery,35,19.5809,92,31.8737,1,0,644.436
3,grocery,36,29.9769,27,27.8201,0,0,758.077
3,grocery,37,35.5178,28,29.7732,0,0,912.217
3,grocery,38,24.67,45,27.4313,1,0,593.113
3,grocery,39,23.9568,61,27.9933,0,1,875.726
3,grocery,40,26.105,29,26.1743,0,0,657.997
3,grocery,41,26.362,38,30.4959,0,0,771.366
3,grocery,42,30.9011,25,30.2169,0,0,674.153
3,grocery,43,32.4265,31,28.5266,0,0,883.956
3,grocery,44,32.2626,34,30.6536,0,0,720.75
3,grocery,45,26.5298,22,28.4692,0,0,459.788
3,grocery,46,32.5282,19,27.6031,0,0,736.121
3,grocery,47,28.9354,17,30.6121,0,0,569.831
3,grocery,48,27.6427,38,34.4644,0,0,697.194
3,grocery,49,30.288,26,34.8021,0,0,649.84
3,grocery,50,35.2388,23,29.1792,0,0,748.601
3,grocery,51,29.7899,19,28.1787,0,0,588.103
3,grocery,52,24.2245,58,27.9455,0,1,982.302
3,grocery,53,30.4918,21,24.3853,0,0,712.607
3,grocery,54,26.3432,45,35.3788,0,0,806.254
3,grocery,55,25.079,30,25.1993,0,0,543.491
3,grocery,56,31.873,19,29.5396,0,0,575.8
3,grocery,57,31.5569,22,36.596,0,0,800.646
3,grocery,58,29.8308,18,29.7297,0,0,476.079
3,grocery,59,28.3287,23,28.8064,0,0,570.313
4,grocery,0,13.8549,106,13.3364,0,1,555.766
4,grocery,1,11.7077,81,15.689,0,0,495.157
4,grocery,2,13.9554,57,11.615,0,0,440.983
4,grocery,3,13.07,60,15.3756,0,0,391.994
4,grocery,4,14.0957,55,12.7349,0,0,405.8
4,grocery,5,14.6461,67,13.9211,0,0,505.847
4,grocery,6,13.0583,53,13.3651,0,0,342.79
4,grocery,7,9.4591,163,17.467,1,0,313.128
4,grocery,8,15.487,31,12.4743,0,0,366.169
4,grocery,9,17.2074,27,10.7059,0,0,375.795
4,grocery,10,14.807,53,13.8483,0,0,447.568
4,grocery,11,12.7324,73,11.8163,0,0,456.497
4,grocery,12,14.36,47,13.051,0,0,396.666
4,grocery,13,11.7544,158,9.9521,1,1,539.348
4,grocery,14,10.5437,140,14.5538,1,0,421.825
4,grocery,15,14.3459,43,15.2006,0,0,332.66
4,grocery,16,12.2628,59,15.0135,0,0,416.402
4,grocery,17,14.7628,46,11.1092,0,0,464.157
4,grocery,18,14.6607,48,16.5692,0,0,398.895
4,grocery,19,13.2145,36,13.66,0,0,309.74
4,grocery,20,11.8611,68,11.397,0,0,427.008
4,grocery,21,15.2291,31,12.18,0,0,310.989
4,grocery,22,12.4978,39,13.5692,0,0,345.261
4,grocery,23,9.876,166,15.5035,1,0,391.826
4,grocery,24,17.5242,29,15.7587,0,0,310.03
4,grocery,25,13.158,41,12.6706,0,0,375.55
4,grocery,26,12.9846,73,12.0683,0,1,457.962
4,grocery,27,12.9879,57,15.8557,0,0,334.035
4,grocery,28,15.0402,40,12.2997,0,0,457.185
4,grocery,29,9.4813,158,12.4622,1,0,476.163
4,grocery,30,13.8466,25,12.2558,0,0,330.107
4,grocery,31,10.1934,129,13.9451,1,0,366.083
4,grocery,32,11.2798,85,16.2827,1,0,297.067
4,grocery,33,9.9418,118,14.2552,1,0,321.486
4,grocery,34,12.9648,27,13.5938,0,0,339.502
4,grocery,35,14.0039,37,8.9928,0,0,388.321
4,grocery,36,10.327,96,13.0097,1,0,333.393
4,grocery,37,36.3233,13,15.409,0,0,396.971
4,grocery,38,14.5114,24,12.1236,0,0,308.48
4,grocery,39,18.5164,48,12.9956,0,1,470.422
4,grocery,40,15.3718,32,14.9746,0,0,395.421
4,grocery,41,12.1448,55,14.053,0,0,465.186
4,grocery,42,14.0671,38,14.8522,0,0,360.929
4,grocery,43,10.0143,106,13.5066,1,0,400.271
4,grocery,44,14.9344,33,11.439,0,0,332.355
4,grocery,45,13.6236,50,13.2513,0,0,400.898
4,grocery,46,13.3303,50,14.2374,0,0,403.287
4,grocery,47,11.0489,95,13.4564,1,0,402.791
4,grocery,48,16.0262,23,12.7108,0,0,370.603
4,grocery,49,12.1866,65,15.315,0,0,514.545
4,grocery,50,16.4798,25,13.7578,0,0,398.088
4,grocery,51,11.3066,41,10.9422,0,0,386.875
4,grocery,52,16.8259,50,15.8023,0,1,572.783
4,grocery,53,12.8467,38,13.7898,0,0,308.01
4,grocery,54,8.6637,155,13.0541,1,0,384.824
4,grocery,55,13.311,43,14.7168,0,0,453.169
4,grocery,56,15.4451,37,14.5976,0,0,436.774
4,grocery,57,15.9513,21,12.1244,0,0,371.732
4,grocery,58,11.9279,63,13.3019,0,0,510.517
4,grocery,59,13.3845,51,14.6871,0,0,492.212
5,grocery,0,28.1678,168,29.1019,0,1,631.906
5,grocery,1,27.6451,71,22.7178,0,0,452.11
5,grocery,2,28.0743,79,23.4645,0,0,504.285
5,grocery,3,23.3736,146,24.3744,0,0,541.73
5,grocery,4,25.185,114,25.7844,0,0,465.215
5,grocery,5,26.0415,116,31.9936,0,0,468.737
5,grocery,6,20.6373,210,27.5163,1,0,407.172
5,grocery,7,29.5379,85,29.4136,0,0,564.327
5,grocery,8,27.7904,82,27.9086,0,0,474.109
5,grocery,9,22.9676,125,28.7542,0,0,536.331
5,grocery,10,29.5426,68,27.9379,0,0,444.769
5,grocery,11,23.9174,103,26.8366,0,0,458.206
5,grocery,12,27.4943,47,23.1372,0,0,388.655
5,grocery,13,18.366,400,24.1456,1,1,545.919
5,grocery,14,32.0336,51,30.9292,0,0,417.707
5,grocery,15,27.3354,94,24.6062,0,0,613.8
5,grocery,16,28.1086,80,23.2268,0,0,526.041
5,grocery,17,29.4092,64,22.0093,0,0,525.386
5,grocery,18,28.7277,53,24.74,0,0,415.434
5,grocery,19,18.1349,1216,22.6963,1,0,3023.476
5,grocery,20,23.1391,114,30.8466,0,0,471.83
5,grocery,21,28.8022,92,25.1954,0,0,561.99
5,grocery,22,27.9919,85,33.5762,0,0,446.378
5,grocery,23,23.3703,76,28.988,0,0,402.516
5,grocery,24,28.3618,79,32.4534,0,0,530.141
5,grocery,25,28.2211,48,23.3313,0,0,450.264
5,grocery,26,28.2404,117,27.4407,0,1,586.526
5,grocery,27,26.0006,79,23.3902,0,0,480.019
5,grocery,28,24.1331,89,33.4973,0,0,440.378
5,grocery,29,32.6915,48,25.9228,0,0,470.747
5,grocery,30,24.861,114,29.3928,0,0,541.538
5,grocery,31,27.314,57,22.0829,0,0,437.747
5,grocery,32,29.5022,61,24.3082,0,0,483.075
5,grocery,33,31.2435,34,19.5675,0,0,392.025
5,grocery,34,24.9168,74,23.8111,0,0,483.879
5,grocery,35,24.1886,85,21.9374,0,0,436.723
5,grocery,36,23.3718,92,26.5124,0,0,471.823
5,grocery,37,26.712,81,22.8916,0,0,544.62
5,grocery,38,25.7502,85,30.0403,0,0,513.009
5,grocery,39,18.4431,443,27.5615,1,1,683.289
5,grocery,40,21.3178,99,21.28,0,0,539.728
5,grocery,41,28.4113,75,27.8995,0,0,556.158
5,grocery,42,76.136,12,28.0431,0,0,451.484
5,grocery,43,24.935,91,21.923,0,0,719.527
5,grocery,44,26.1387,85,23.9965,0,0,550.195
5,grocery,45,72.6669,18,30.7319,0,0,512.853
5,grocery,46,26.9303,60,30.0036,0,0,438.419
5,grocery,47,25.4076,88,28.6437,0,0,560.9
5,grocery,48,20.8377,236,31.855,1,0,561.418
5,grocery,49,26.1121,85,25.5099,0,0,467.27
5,grocery,50,25.247,84,29.1605,0,0,482.309
5,grocery,51,26.6779,76,28.4715,0,0,532.854
5,grocery,52,23.4638,159,28.424,0,1,787.963
5,grocery,53,27.4076,70,27.8645,0,0,461.534
5,grocery,54,19.9472,209,27.6531,1,0,533.278
5,grocery,55,64.6251,10,22.4438,0,0,453.231
5,grocery,56,23.8935,54,24.3209,0,0,411.02
5,grocery,57,26.6643,83,26.987,0,0,557.393
5,grocery,58,25.9306,57,25.2045,0,0,455.251
5,grocery,59,26.7875,88,29.1583,0,0,641.11
100,apparel,0,16.6151,63,15.2671,0,1,301.75
100,apparel,1,14.3973,196,15.1139,0,0,1135.722
100,apparel,2,20.2615,19,16.6653,0,0,235.004
100,apparel,3,20.3547,21,16.6856,0,0,236.454
100,apparel,4,17.9414,30,15.3197,0,0,231.359
100,apparel,5,12.4119,177,16.383,1,0,355.445
100,apparel,6,16.2794,34,17.5121,0,0,226.125
100,apparel,7,17.7754,34,16.812,0,0,209.097
100,apparel,8,17.7232,41,18.6619,0,0,259.694
100,apparel,9,17.7513,16,15.6936,0,0,221.205
100,apparel,10,12.6871,98,14.1422,1,0,197.454
100,apparel,11,16.0371,49,19.3292,0,0,232.817
100,apparel,12,16.1336,41,14.7545,0,0,223.513
100,apparel,13,17.0763,42,15.7262,0,1,296.752
100,apparel,14,14.9591,58,17.445,0,0,279.468
100,apparel,15,36.8938,7,14.6891,0,0,236.394
100,apparel,16,17.5691,19,16.1001,0,0,178.078
100,apparel,17,19.5307,21,18.2776,0,0,227.911
100,apparel,18,17.3682,24,16.3569,0,0,211.881
100,apparel,19,21.2494,6,18.7644,0,0,241.757
100,apparel,20,17.5855,42,19.2083,0,0,251.947
100,apparel,21,16.3906,126,15.8706,0,0,1000.19
100,apparel,22,17.6477,34,14.749,0,0,266.419
100,apparel,23,12.7392,120,19.0215,1,0,227.276
100,apparel,24,17.6382,22,17.4751,0,0,191.28
100,apparel,25,15.7969,47,15.9032,0,0,276.237
100,apparel,26,15.0577,87,17.055,0,1,305.777
100,apparel,27,15.38,32,19.6086,0,0,231.64
100,apparel,28,19.3138,14,17.9361,0,0,200.397
100,apparel,29,18.6428,24,17.0846,0,0,188.525
100,apparel,30,17.3632,20,12.9884,0,0,196.112
100,apparel,31,15.9037,24,14.736,0,0,191.84
100,apparel,32,16.3957,40,15.8722,0,0,255.951
100,apparel,33,16.2538,37,16.5167,0,0,225.985
100,apparel,34,16.8555,20,14.5566,0,0,228.166
100,apparel,35,16.3733,30,14.5422,0,0,216.817
100,apparel,36,17.0,35,18.9383,0,0,256.297
100,apparel,37,16.9022,26,16.7287,0,0,194.525
100,apparel,38,12.1134,392,17.4199,1,0,931.234
100,apparel,39,17.4423,43,18.8555,0,1,307.44
100,apparel,40,38.3249,4,12.9754,0,0,231.093
100,apparel,41,14.5343,25,15.5043,0,0,168.072
100,apparel,42,15.9462,30,15.7878,0,0,231.804
100,apparel,43,15.3308,22,14.4681,0,0,191.979
100,apparel,44,14.7813,35,17.4149,0,0,281.121
100,apparel,45,19.1174,14,18.9211,0,0,218.729
100,apparel,46,13.3515,54,20.4639,0,0,208.359
100,apparel,47,15.7597,25,15.6536,0,0,231.468
100,apparel,48,17.163,21,17.6327,0,0,233.989
100,apparel,49,19.7826,14,16.4527,0,0,206.889
100,apparel,50,13.7656,42,18.1363,0,0,248.358
100,apparel,51,15.5845,28,14.8115,0,0,168.002
100,apparel,52,15.517,61,15.7771,0,1,337.71
100,apparel,53,16.0329,21,20.3073,0,0,208.345
100,apparel,54,15.8282,27,17.1163,0,0,240.57
100,apparel,55,14.206,50,20.8956,0,0,221.871
100,apparel,56,17.1085,20,18.7985,0,0,173.633
100,apparel,57,14.7132,25,16.7355,0,0,193.682
100,apparel,58,13.3851,42,16.8632,0,0,211.737
100,apparel,59,16.7389,35,15.3476,0,0,225.637
101,apparel,0,8.1656,1018,8.3471,1,1,1073.792
101,apparel,1,9.8555,272,10.007,0,0,924.828
101,apparel,2,9.6102,210,11.1289,0,0,610.09
101,apparel,3,9.8472,244,9.6768,0,0,916.824
101,apparel,4,9.349,326,10.3259,0,0,889.176
101,apparel,5,9.5648,229,8.2568,0,0,767.305
101,apparel,6,9.9883,171,9.1525,0,0,735.301
101,apparel,7,9.4481,227,9.1459,0,0,853.778
101,apparel,8,8.638,309,11.2296,0,0,812.209
101,apparel,9,9.883,221,9.1022,0,0,903.158
101,apparel,10,10.3878,177,7.1297,0,0,947.802
101,apparel,11,9.0123,319,8.8736,0,0,1141.34
101,apparel,12,8.5464,384,9.5374,0,0,1045.094
101,apparel,13,12.1652,226,10.7232,0,1,1129.724
101,apparel,14,10.6425,148,10.5566,0,0,695.79
101,apparel,15,8.7708,357,11.0558,0,0,900.706
101,apparel,16,10.8158,191,8.6229,0,0,992.788
101,apparel,17,11.7449,125,10.8277,0,0,728.682
101,apparel,18,12.4367,145,10.1079,0,0,972.474
101,apparel,19,8.8621,291,8.3202,0,0,985.711
101,apparel,20,9.4932,220,8.9562,0,0,844.708
101,apparel,21,6.6228,784,8.9666,1,0,719.39
101,apparel,22,8.4443,270,11.1079,0,0,621.429
101,apparel,23,11.0555,104,8.6825,0,0,555.293
101,apparel,24,6.4421,1196,11.2343,1,0,949.707
101,apparel,25,8.816,267,10.14,0,0,883.347
101,apparel,26,9.2532,425,11.0765,0,1,1119.097
101,apparel,27,9.2872,231,10.5463,0,0,771.986
101,apparel,28,10.2406,197,11.1823,0,0,767.132
101,apparel,29,11.341,137,7.7144,0,0,1052.233
101,apparel,30,10.4051,171,11.2392,0,0,772.452
101,apparel,31,8.1935,329,10.5236,0,0,826.196
101,apparel,32,10.7073,109,9.0351,0,0,866.244
101,apparel,33,10.0694,168,9.3634,0,0,841.492
101,apparel,34,11.1189,125,9.9278,0,0,764.267
101,apparel,35,8.9403,162,8.7367,0,0,651.388
101,apparel,36,11.0762,161,9.2853,0,0,1020.653
101,apparel,37,9.1191,222,10.6137,0,0,790.85
101,apparel,38,11.199,157,9.5087,0,0,877.139
101,apparel,39,8.9565,465,12.2961,0,1,1185.01
101,apparel,40,9.7245,254,10.8985,0,0,1101.43
101,apparel,41,10.7249,115,10.2045,0,0,652.955
101,apparel,42,10.0529,126,9.314,0,0,689.01
101,apparel,43,9.3827,153,8.7792,0,0,638.228
101,apparel,44,9.0895,239,9.0906,0,0,1045.776
101,apparel,45,10.0642,167,8.2927,0,0,959.613
101,apparel,46,9.923,183,9.0961,0,0,981.378
101,apparel,47,9.096,241,11.0707,0,0,860.98
101,apparel,48,11.41,87,9.5806,0,0,579.341
101,apparel,49,8.8005,948,8.6816,0,0,4289.464
101,apparel,50,11.6121,91,9.7529,0,0,678.189
101,apparel,51,29.7638,9,10.4732,0,0,735.563
101,apparel,52,10.9516,208,10.0658,0,1,1057.621
101,apparel,53,8.9352,641,9.319,0,0,2956.563
101,apparel,54,7.2519,583,9.4993,1,0,836.746
101,apparel,55,9.7729,116,8.0961,0,0,661.427
101,apparel,56,11.2357,92,9.8414,0,0,716.368
101,apparel,57,9.8691,147,10.6403,0,0,862.783
101,apparel,58,10.3615,139,9.6079,0,0,785.682
101,apparel,59,6.5921,994,12.2401,1,0,961.979
102,apparel,0,17.8775,1256,23.6084,1,1,474.786
102,apparel,1,20.0016,425,19.3408,0,0,512.274
102,apparel,2,22.4196,225,18.384,0,0,418.806
102,apparel,3,19.981,657,23.2468,1,0,458.516
102,apparel,4,28.1498,192,22.9138,0,0,580.738
102,apparel,5,23.3372,350,26.8281,0,0,577.135
102,apparel,6,19.57,433,23.698,0,0,474.603
102,apparel,7,15.0206,1367,19.621,1,0,527.688
102,apparel,8,89.1567,8,22.9261,0,0,508.312
102,apparel,9,21.8688,261,25.042,0,0,431.189
102,apparel,10,20.9242,1327,24.5923,0,0,1914.752
102,apparel,11,24.3539,155,17.4353,0,0,373.073
102,apparel,12,17.5549,657,18.7094,1,0,381.245
102,apparel,13,22.8509,515,21.7784,0,1,732.211
102,apparel,14,18.2363,594,20.8939,1,0,369.655
102,apparel,15,27.6814,169,24.2645,0,0,421.763
102,apparel,16,20.6383,298,23.0835,0,0,428.922
102,apparel,17,21.3964,290,23.1977,0,0,435.735
102,apparel,18,17.8034,370,16.8362,0,0,402.817
102,apparel,19,17.6203,882,22.8325,1,0,469.187
102,apparel,20,16.0975,1158,20.5426,1,0,543.816
102,apparel,21,17.8852,494,23.9526,0,0,510.97
102,apparel,22,19.3021,384,19.054,0,0,524.168
102,apparel,23,21.0455,250,19.9912,0,0,378.643
102,apparel,24,15.2899,1110,19.0675,1,0,486.775
102,apparel,25,23.7035,233,21.6958,0,0,465.278
102,apparel,26,18.1791,799,20.2018,0,1,686.929
102,apparel,27,23.2752,176,22.8711,0,0,386.413
102,apparel,28,17.2424,851,21.2181,1,0,517.77
102,apparel,29,15.595,1241,24.7342,1,0,518.727
102,apparel,30,18.1533,673,21.1172,1,0,509.387
102,apparel,31,23.0767,226,19.2777,0,0,495.988
102,apparel,32,21.2753,315,25.6876,0,0,481.568
102,apparel,33,22.9126,245,20.1498,0,0,474.729
102,apparel,34,24.9686,223,25.122,0,0,556.402
102,apparel,35,23.1358,256,24.3867,0,0,544.61
102,apparel,36,19.3816,298,22.1771,0,0,400.694
102,apparel,37,13.3889,1101,18.0255,1,0,394.434
102,apparel,38,24.3751,176,20.4532,0,0,538.588
102,apparel,39,22.1344,356,24.0326,0,1,520.188
102,apparel,40,18.6,568,19.6237,1,0,454.391
102,apparel,41,17.8555,421,22.9873,0,0,476.972
102,apparel,42,22.076,196,23.4815,0,0,417.796
102,apparel,43,16.1483,777,19.5271,1,0,456.791
102,apparel,44,21.4374,250,22.6673,0,0,484.763
102,apparel,45,20.0739,313,27.6606,0,0,419.219
102,apparel,46,20.9065,333,22.4676,0,0,609.716
102,apparel,47,20.8694,224,19.5922,0,0,423.223
102,apparel,48,20.0119,253,20.6752,0,0,393.07
102,apparel,49,23.3235,156,21.557,0,0,381.34
102,apparel,50,20.4179,232,23.1765,0,0,370.082
102,apparel,51,53.1619,23,21.6797,0,0,517.943
102,apparel,52,21.6551,497,23.1865,0,1,752.006
102,apparel,53,25.013,114,18.1985,0,0,384.682
102,apparel,54,22.2183,257,20.73,0,0,580.506
102,apparel,55,19.9603,293,24.2504,0,0,430.558
102,apparel,56,25.1494,120,21.2075,0,0,327.123
102,apparel,57,22.5148,265,21.8969,0,0,589.856
102,apparel,58,14.979,822,22.3252,1,0,402.956
102,apparel,59,23.2189,242,24.1345,0,0,603.219
103,apparel,0,33.4357,95,39.026,0,1,1087.505
103,apparel,1,37.9504,29,46.8018,0,0,607.242
103,apparel,2,35.3443,33,32.3667,0,0,778.518
103,apparel,3,37.5331,27,34.1921,0,0,799.628
103,apparel,4,33.2811,33,33.5295,0,0,673.856
103,apparel,5,31.7502,35,33.7066,0,0,620.793
103,apparel,6,40.1234,23,34.7147,0,0,668.883
103,apparel,7,28.5656,102,35.4446,1,0,796.449
103,apparel,8,37.4526,16,38.8863,0,0,515.1
103,apparel,9,34.1865,26,35.6854,0,0,598.662
103,apparel,10,34.6003,26,39.2381,0,0,545.546
103,apparel,11,38.3058,25,34.2691,0,0,631.15
103,apparel,12,34.8341,41,38.5608,0,0,608.829
103,apparel,13,36.7642,64,42.651,0,1,991.538
103,apparel,14,31.0735,35,37.3742,0,0,659.978
103,apparel,15,30.5993,55,42.3161,0,0,733.253
103,apparel,16,30.5233,45,36.4501,0,0,721.881
103,apparel,17,37.0346,24,34.0365,0,0,704.481
103,apparel,18,32.8792,41,30.2078,0,0,541.918
103,apparel,19,31.7021,22,27.7706,0,0,449.298
103,apparel,20,31.2528,25,37.9472,0,0,535.462
103,apparel,21,37.1297,15,31.1155,0,0,552.205
103,apparel,22,31.2659,29,39.492,0,0,504.93
103,apparel,23,37.372,23,40.525,0,0,677.424
103,apparel,24,32.173,42,29.2764,0,0,698.273
103,apparel,25,40.058,16,34.4881,0,0,579.346
103,apparel,26,84.2341,1,46.7322,0,1,639.618
103,apparel,27,33.7681,19,40.0336,0,0,478.633
103,apparel,28,40.1716,22,40.4232,0,0,606.82
103,apparel,29,29.0421,32,40.317,0,0,498.493
103,apparel,30,40.9716,54,38.9705,0,0,2572.578
103,apparel,31,27.9303,34,36.7094,0,0,638.008
103,apparel,32,38.1538,23,30.7539,0,0,745.094
103,apparel,33,28.735,81,33.6438,1,0,833.87
103,apparel,34,37.9376,22,35.5453,0,0,542.905
103,apparel,35,33.2676,41,44.1462,0,0,674.524
103,apparel,36,34.7906,9,35.3654,0,0,356.489
103,apparel,37,42.4298,20,31.6546,0,0,753.65
103,apparel,38,39.6582,14,41.2398,0,0,660.084
103,apparel,39,35.7864,72,33.2112,1,1,1006.387
103,apparel,40,38.7375,19,34.3655,0,0,645.549
103,apparel,41,32.9723,24,36.4064,0,0,694.734
103,apparel,42,33.5145,31,42.9963,0,0,637.276
103,apparel,43,37.2176,22,36.943,0,0,628.466
103,apparel,44,31.4175,109,34.6221,0,0,2942.202
103,apparel,45,39.1131,7,40.344,0,0,453.725
103,apparel,46,36.9946,11,35.9626,0,0,433.999
103,apparel,47,33.584,28,26.7809,0,0,762.161
103,apparel,48,40.7917,10,44.1715,0,0,587.258
103,apparel,49,41.6783,17,40.964,0,0,604.599
103,apparel,50,33.555,23,39.9824,0,0,610.772
103,apparel,51,34.8316,27,31.7919,0,0,614.383
103,apparel,52,32.4314,49,32.6954,0,1,905.101
103,apparel,53,39.5638,22,40.7372,0,0,664.508
103,apparel,54,26.9159,49,37.5181,1,0,579.18
103,apparel,55,24.7006,77,34.524,1,0,583.193
103,apparel,56,35.7305,23,43.7852,0,0,566.351
103,apparel,57,41.6622,21,39.4654,0,0,718.304
103,apparel,58,32.742,12,37.5243,0,0,559.71
103,apparel,59,39.1001,15,38.2944,0,0,728.314
104,apparel,0,13.0126,961,14.0847,1,1,771.478
104,apparel,1,33.6807,70,17.7966,1,0,641.401
104,apparel,2,16.9721,196,21.2319,0,0,451.938
104,apparel,3,16.8298,133,16.6087,0,0,475.301
104,apparel,4,16.4096,153,14.8228,0,0,536.791
104,apparel,5,13.822,579,17.984,1,0,601.695
104,apparel,6,17.9816,386,14.7335,0,0,1862.775
104,apparel,7,16.9552,168,13.5886,0,0,601.29
104,apparel,8,18.0216,171,22.8361,0,0,531.904
104,apparel,9,18.558,124,14.4693,0,0,413.228
104,apparel,10,15.1551,207,18.7009,0,0,402.193
104,apparel,11,18.9848,135,18.9989,0,0,474.631
104,apparel,12,19.4829,113,20.1915,0,0,434.277
104,apparel,13,14.9565,494,13.7774,0,1,964.739
104,apparel,14,14.9045,354,19.5393,1,0,426.757
104,apparel,15,13.6942,526,14.8469,1,0,635.555
104,apparel,16,19.2937,116,15.3159,0,0,514.837
104,apparel,17,18.9049,134,19.0813,0,0,499.572
104,apparel,18,20.5711,78,15.9736,0,0,438.099
104,apparel,19,12.1471,623,18.1015,1,0,485.064
104,apparel,20,19.7964,106,19.4401,0,0,479.781
104,apparel,21,13.1321,355,19.3071,1,0,306.084
104,apparel,22,14.7389,155,17.32,0,0,367.993
104,apparel,23,24.1076,49,14.0867,0,0,425.074
104,apparel,24,18.4567,77,14.8498,0,0,432.49
104,apparel,25,17.5182,145,22.3297,0,0,445.525
104,apparel,26,13.3289,938,18.716,1,1,798.427
104,apparel,27,15.6568,182,19.4543,0,0,499.903
104,apparel,28,13.0406,362,17.4426,1,0,412.464
104,apparel,29,15.8768,152,16.0454,0,0,484.898
104,apparel,30,12.9149,502,18.393,1,0,455.925
104,apparel,31,12.701,454,15.2888,1,0,495.317
104,apparel,32,15.497,229,21.1532,0,0,595.546
104,apparel,33,17.0473,103,18.6994,0,0,334.483
104,apparel,34,11.0537,672,19.0333,1,0,471.075
104,apparel,35,12.6222,502,18.0298,1,0,467.251
104,apparel,36,14.935,164,16.2889,0,0,432.966
104,apparel,37,16.6984,106,14.6717,0,0,371.452
104,apparel,38,21.5119,56,16.3781,0,0,375.407
104,apparel,39,17.5368,173,18.1968,0,1,583.938
104,apparel,40,19.0722,76,17.3684,0,0,471.712
104,apparel,41,18.73,311,13.9695,0,0,1881.399
104,apparel,42,20.9862,90,16.1631,0,0,559.878
104,apparel,43,19.444,77,17.9498,0,0,459.127
104,apparel,44,16.6434,130,20.4306,0,0,478.33
104,apparel,45,15.2809,126,14.5149,0,0,369.506
104,apparel,46,19.1083,104,16.5363,0,0,434.275
104,apparel,47,18.7405,86,15.1998,0,0,461.459
104,apparel,48,18.8352,96,14.81,0,0,489.182
104,apparel,49,16.7423,81,13.2593,0,0,419.671
104,apparel,50,12.5468,436,17.2654,1,0,461.6
104,apparel,51,11.9006,632,19.2932,1,0,587.182
104,apparel,52,17.4844,143,12.1939,0,1,627.835
104,apparel,53,18.5196,81,14.1502,0,0,491.918
104,apparel,54,19.9439,77,12.7762,0,0,479.31
104,apparel,55,17.1128,106,18.0008,0,0,466.168
104,apparel,56,11.6283,553,18.508,1,0,455.656
104,apparel,57,15.99,235,17.3661,1,0,559.218
104,apparel,58,18.063,94,14.3022,0,0,524.731
104,apparel,59,16.1618,524,21.5995,0,0,1887.524
105,apparel,0,31.3762,293,29.3428,0,1,1522.904
105,apparel,1,39.5294,97,39.6059,0,0,861.698
105,apparel,2,31.8792,157,30.3113,0,0,1101.604
105,apparel,3,28.5128,324,33.8676,1,0,821.392
105,apparel,4,21.4387,751,39.3688,1,0,905.158
105,apparel,5,34.3484,86,29.4868,0,0,830.249
105,apparel,6,25.7995,262,30.3158,1,0,671.277
105,apparel,7,37.3795,80,29.3123,0,0,858.891
105,apparel,8,37.8922,92,37.0885,0,0,976.686
105,apparel,9,44.6693,192,34.1371,0,0,3769.562
105,apparel,10,22.4326,648,35.7187,1,0,1034.371
105,apparel,11,24.3357,362,27.3982,1,0,879.98
105,apparel,12,32.6286,106,28.3893,0,0,886.391
105,apparel,13,40.5255,132,38.6681,0,1,1237.916
105,apparel,14,36.7455,85,33.5607,0,0,933.124
105,apparel,15,32.8346,149,35.1835,0,0,1039.269
105,apparel,16,33.3846,87,28.103,0,0,890.443
105,apparel,17,34.5593,120,42.9574,0,0,954.091
105,apparel,18,35.9555,101,39.4623,0,0,891.3
105,apparel,19,26.4634,272,35.6661,1,0,692.025
105,apparel,20,36.424,87,42.5006,0,0,832.975
105,apparel,21,31.6611,238,31.5987,1,0,1031.966
105,apparel,22,37.1156,91,37.2294,0,0,970.686
105,apparel,23,36.3677,98,44.0747,0,0,1040.873
105,apparel,24,28.2327,261,34.5801,1,0,812.706
105,apparel,25,35.0443,110,36.5779,0,0,970.053
105,apparel,26,28.9263,269,28.2089,0,1,1307.555
105,apparel,27,38.6032,73,37.8461,0,0,780.037
105,apparel,28,26.2926,309,35.7383,1,0,840.557
105,apparel,29,39.0724,83,37.2901,0,0,860.712
105,apparel,30,39.3887,62,29.8442,0,0,812.2
105,apparel,31,84.335,6,30.336,0,0,885.474
105,apparel,32,33.2211,120,28.5039,0,0,1133.184
105,apparel,33,37.227,78,40.646,0,0,942.424
105,apparel,34,28.6248,131,32.975,0,0,821.156
105,apparel,35,34.4445,87,28.8557,0,0,817.765
105,apparel,36,35.4321,94,45.5715,0,0,933.437
105,apparel,37,33.1743,111,42.9775,0,0,880.241
105,apparel,38,36.9658,54,24.2564,0,0,918.408
105,apparel,39,33.1943,197,32.7453,0,1,1434.791
105,apparel,40,31.358,112,29.6599,0,0,1066.046
105,apparel,41,35.8759,97,39.7554,0,0,1003.731
105,apparel,42,36.8204,70,33.2039,0,0,698.779
105,apparel,43,38.0037,82,36.4934,0,0,966.539
105,apparel,44,39.9915,74,39.0492,0,0,877.939
105,apparel,45,35.95,93,35.6751,0,0,1018.665
105,apparel,46,35.6767,73,37.0094,0,0,864.931
105,apparel,47,30.3977,134,37.2021,0,0,840.789
105,apparel,48,23.8183,231,29.1909,1,0,628.77
105,apparel,49,36.5137,75,32.9092,0,0,819.348
105,apparel,50,25.4011,162,34.0571,0,0,905.283
105,apparel,51,35.9125,75,32.2909,0,0,947.173
105,apparel,52,23.7883,795,31.0437,1,1,1600.156
105,apparel,53,34.6729,124,35.8669,0,0,1184.004
105,apparel,54,34.0005,90,40.0968,0,0,961.152
105,apparel,55,36.0184,456,36.9598,0,0,6061.625
105,apparel,56,39.8586,49,36.1826,0,0,807.894
105,apparel,57,30.2835,123,34.2841,0,0,913.346
105,apparel,58,26.2061,352,40.6016,1,0,1065.266
105,apparel,59,38.4916,78,39.0468,0,0,1067.809
200,electronics,0,26.0711,725,28.9905,0,1,666.558
200,electronics,1,29.0306,216,21.3337,0,0,400.676
200,electronics,2,23.4674,670,22.8646,1,0,389.762
200,electronics,3,29.1151,210,27.0612,0,0,349.216
200,electronics,4,26.1245,350,37.9064,0,0,333.177
200,electronics,5,26.0362,324,27.3077,0,0,401.166
200,electronics,6,32.1195,180,35.1477,0,0,390.987
200,electronics,7,26.4153,314,25.9156,0,0,433.706
200,electronics,8,25.6915,338,29.1727,0,0,410.798
200,electronics,9,28.3112,307,31.5458,0,0,461.96
200,electronics,10,16.7657,2039,30.2945,1,0,377.242
200,electronics,11,32.7134,220,25.0548,0,0,613.388
200,electronics,12,25.1203,408,32.658,0,0,423.435
200,electronics,13,27.7871,505,28.7754,0,1,584.925
200,electronics,14,28.3194,961,26.3255,0,0,1964.995
200,electronics,15,24.9488,325,28.4389,0,0,319.253
200,electronics,16,22.0392,644,24.6556,1,0,322.635
200,electronics,17,29.3467,228,28.1475,0,0,414.568
200,electronics,18,29.2709,175,29.0608,0,0,352.84
200,electronics,19,27.3749,235,30.9469,0,0,347.25
200,electronics,20,21.8882,712,25.9571,1,0,357.63
200,electronics,21,28.7159,161,21.8238,0,0,356.84
200,electronics,22,26.2644,361,37.5616,0,0,416.46
200,electronics,23,24.3892,332,27.9563,0,0,361.568
200,electronics,24,22.5402,1091,29.5847,1,0,563.039
200,electronics,25,20.6831,838,26.2682,1,0,341.729
200,electronics,26,34.8592,210,32.3548,0,1,548.26
200,electronics,27,66.0512,11,26.1936,0,0,435.204
200,electronics,28,32.0794,160,30.3067,0,0,435.372
200,electronics,29,26.599,253,27.2079,0,0,433.293
200,electronics,30,22.7733,428,28.5028,0,0,352.375
200,electronics,31,50.8085,68,30.1949,1,0,472.641
200,electronics,32,25.8094,308,30.9519,0,0,454.47
200,electronics,33,28.7828,188,22.9442,0,0,410.837
200,electronics,34,31.3719,147,26.5812,0,0,354.308
200,electronics,35,27.9536,261,30.9411,0,0,486.402
200,electronics,36,19.9347,1262,37.3323,1,0,426.526
200,electronics,37,32.963,84,23.9945,0,0,314.586
200,electronics,38,26.7532,239,31.1625,0,0,366.065
200,electronics,39,31.5423,201,26.17,0,1,420.765
200,electronics,40,19.1613,1112,29.9552,1,0,364.512
200,electronics,41,33.33,125,27.4351,0,0,431.475
200,electronics,42,31.1935,162,24.1273,0,0,435.184
200,electronics,43,27.1276,222,25.2792,0,0,371.015
200,electronics,44,26.7255,222,29.2113,0,0,381.694
200,electronics,45,30.4219,926,32.5125,0,0,2679.664
200,electronics,46,28.3311,187,25.1256,0,0,448.301
200,electronics,47,26.1029,272,24.7957,0,0,481.653
200,electronics,48,31.3224,141,26.9462,0,0,444.647
200,electronics,49,26.1288,237,28.0168,0,0,390.298
200,electronics,50,29.67,152,33.3208,0,0,356.462
200,electronics,51,25.5639,258,27.8996,0,0,392.292
200,electronics,52,29.0389,332,31.4443,0,1,560.258
200,electronics,53,27.408,162,26.7361,0,0,374.387
200,electronics,54,28.8697,143,25.8554,0,0,360.522
200,electronics,55,27.0662,213,33.4346,0,0,337.205
200,electronics,56,23.0157,342,23.3185,0,0,415.432
200,electronics,57,26.9766,208,23.8498,0,0,394.042
200,electronics,58,30.7611,96,27.623,0,0,310.973
200,electronics,59,27.0961,221,29.8733,0,0,424.816
201,electronics,0,36.9209,379,33.8963,0,1,1279.286
201,electronics,1,40.9926,152,34.023,0,0,849.61
201,electronics,2,25.8957,1040,36.3429,1,0,858.409
201,electronics,3,43.6945,116,41.2272,0,0,801.52
201,electronics,4,26.5178,1147,46.2226,1,0,858.37
201,electronics,5,37.3741,184,36.8502,0,0,796.08
201,electronics,6,37.4904,206,38.0379,0,0,938.415
201,electronics,7,33.4147,536,31.688,1,0,1053.239
201,electronics,8,38.9396,197,40.3452,0,0,878.243
201,electronics,9,33.8695,236,39.6331,0,0,649.463
201,electronics,10,29.8805,398,32.0143,0,0,950.18
201,electronics,11,30.5203,769,39.2942,1,0,1050.548
201,electronics,12,37.2068,193,35.1075,0,0,873.583
201,electronics,13,37.8967,382,41.277,0,1,1295.621
201,electronics,14,33.1863,339,33.6189,0,0,1126.126
201,electronics,15,36.9231,235,39.8415,0,0,1079.173
201,electronics,16,46.5949,73,34.5758,0,0,659.037
201,electronics,17,33.8981,340,46.4078,0,0,1045.95
201,electronics,18,28.7114,585,31.3501,1,0,764.359
201,electronics,19,27.7819,905,40.7073,1,0,876.057
201,electronics,20,24.0085,1041,34.6453,1,0,764.035
201,electronics,21,37.6976,173,29.1147,0,0,859.262
201,electronics,22,42.74,91,37.1856,0,0,702.562
201,electronics,23,36.0955,225,38.1317,0,0,944.147
201,electronics,24,34.5939,254,35.422,0,0,963.309
201,electronics,25,28.4395,692,39.7389,1,0,715.988
201,electronics,26,36.352,398,36.1285,0,1,1464.518
201,electronics,27,23.6423,1198,40.3842,1,0,784.807
201,electronics,28,35.011,197,31.9196,0,0,854.392
201,electronics,29,40.7257,120,43.7907,0,0,701.404
201,electronics,30,37.3914,168,39.8957,0,0,808.194
201,electronics,31,33.6861,201,35.7126,0,0,768.4
201,electronics,32,39.4,120,35.7333,0,0,920.195
201,electronics,33,33.7804,236,40.6417,0,0,756.028
201,electronics,34,25.4684,720,32.0244,1,0,703.511
201,electronics,35,41.6756,122,40.7642,0,0,1048.89
201,electronics,36,37.572,170,33.3465,0,0,947.636
201,electronics,37,41.7105,100,33.0875,0,0,788.402
201,electronics,38,38.8943,121,33.5756,0,0,764.784
201,electronics,39,38.2546,242,36.5273,0,1,1035.894
201,electronics,40,35.4271,173,35.8408,0,0,912.554
201,electronics,41,41.675,123,41.4013,0,0,818.371
201,electronics,42,42.8333,79,35.755,0,0,774.617
201,electronics,43,43.0315,120,41.4827,0,0,799.311
201,electronics,44,27.2307,904,38.0323,1,0,1081.707
201,electronics,45,43.8459,82,40.6338,0,0,774.408
201,electronics,46,34.6653,180,38.8015,0,0,630.504
201,electronics,47,32.4474,190,32.8019,0,0,715.275
201,electronics,48,44.035,74,31.0065,0,0,820.999
201,electronics,49,25.8893,915,41.2891,1,0,922.378
201,electronics,50,36.6269,254,45.2807,1,0,719.91
201,electronics,51,41.7719,90,37.1686,0,0,805.024
201,electronics,52,28.9531,1017,37.3243,1,1,1215.286
201,electronics,53,41.9106,106,31.0208,0,0,806.643
201,electronics,54,43.4461,114,42.4029,0,0,982.504
201,electronics,55,31.2265,227,39.2786,0,0,812.45
201,electronics,56,34.1628,231,40.4408,0,0,1125.77
201,electronics,57,31.1451,330,42.324,0,0,1027.378
201,electronics,58,37.3047,129,35.3513,0,0,866.329
201,electronics,59,32.9215,193,39.8937,0,0,743.286
202,electronics,0,11.6109,153,9.8486,0,1,1231.318
202,electronics,1,12.6617,84,12.7371,0,0,878.188
202,electronics,2,10.3533,126,9.4057,0,0,851.108
202,electronics,3,9.8048,150,12.4661,0,0,778.207
202,electronics,4,12.8343,88,12.6242,0,0,1035.868
202,electronics,5,8.5244,432,9.2175,1,0,941.457
202,electronics,6,10.9826,81,12.1305,0,0,684.786
202,electronics,7,9.1878,237,12.0756,0,0,1021.116
202,electronics,8,12.0348,101,12.7647,0,0,978.624
202,electronics,9,9.6515,169,10.9578,0,0,971.93
202,electronics,10,10.9545,126,10.8604,0,0,992.807
202,electronics,11,11.1923,110,13.2426,0,0,784.613
202,electronics,12,10.9134,91,10.1051,0,0,827.482
202,electronics,13,7.6356,792,11.4688,1,1,931.115
202,electronics,14,11.148,93,11.9527,0,0,703.086
202,electronics,15,10.2247,118,10.3794,0,0,773.755
202,electronics,16,9.8184,137,9.1753,0,0,806.083
202,electronics,17,10.1309,156,11.2614,0,0,1022.701
202,electronics,18,9.2661,147,10.6564,0,0,720.958
202,electronics,19,10.1237,104,11.1747,0,0,693.057
202,electronics,20,10.3603,132,12.6686,0,0,874.184
202,electronics,21,11.0896,80,12.0892,0,0,679.326
202,electronics,22,11.6954,73,11.0041,0,0,801.94
202,electronics,23,9.2887,163,11.7134,0,0,859.666
202,electronics,24,11.3257,85,11.3207,0,0,754.458
202,electronics,25,10.3382,98,10.4186,0,0,843.273
202,electronics,26,8.4383,366,13.0194,0,1,958.95
202,electronics,27,9.3775,271,11.5579,1,0,896.24
202,electronics,28,7.9605,412,9.7227,1,0,893.633
202,electronics,29,11.2149,100,13.1991,0,0,920.361
202,electronics,30,11.2586,95,10.6772,0,0,1017.949
202,electronics,31,11.7019,79,9.9018,0,0,929.678
202,electronics,32,10.3709,85,9.2782,0,0,619.214
202,electronics,33,11.5201,84,10.5131,0,0,930.197
202,electronics,34,8.4345,438,11.1071,1,0,1076.514
202,electronics,35,10.1419,103,11.4452,0,0,670.628
202,electronics,36,9.895,114,9.3566,0,0,799.466
202,electronics,37,6.8308,648,11.0075,1,0,862.801
202,electronics,38,9.4489,154,10.9208,0,0,1027.539
202,electronics,39,11.4818,139,10.8401,0,1,1142.177
202,electronics,40,7.6421,407,10.2846,1,0,862.311
202,electronics,41,11.3562,71,11.605,0,0,787.608
202,electronics,42,11.4897,76,10.9694,0,0,877.602
202,electronics,43,8.728,213,8.4437,0,0,1112.504
202,electronics,44,10.8056,83,10.0704,0,0,863.224
202,electronics,45,11.035,100,11.594,0,0,1069.315
202,electronics,46,11.0841,81,12.1519,0,0,840.163
202,electronics,47,11.9162,102,13.0406,0,0,1005.508
202,electronics,48,8.7003,280,11.9129,1,0,780.806
202,electronics,49,10.0457,107,9.6072,0,0,925.265
202,electronics,50,10.8216,91,10.1327,0,0,1039.379
202,electronics,51,10.6824,61,10.6937,0,0,749.957
202,electronics,52,9.2701,198,10.5692,0,1,1043.344
202,electronics,53,11.9537,58,11.0075,0,0,761.721
202,electronics,54,10.7793,96,10.6087,0,0,1115.774
202,electronics,55,13.8358,33,12.1044,0,0,749.992
202,electronics,56,12.9516,32,11.3777,0,0,648.936
202,electronics,57,8.9853,247,10.0151,1,0,855.69
202,electronics,58,12.1321,67,11.8285,0,0,880.394
202,electronics,59,10.3468,91,12.4747,0,0,704.663
203,electronics,0,16.359,526,21.9249,1,1,388.04
203,electronics,1,16.6169,277,23.3654,1,0,287.202
203,electronics,2,20.3137,117,26.9048,0,0,319.974
203,electronics,3,21.6534,230,21.8308,0,0,1128.943
203,electronics,4,21.4826,75,20.3464,0,0,311.044
203,electronics,5,22.2744,77,22.6047,0,0,252.634
203,electronics,6,20.5531,97,23.122,0,0,351.203
203,electronics,7,21.555,50,16.169,0,0,260.259
203,electronics,8,21.8753,61,23.4996,0,0,251.46
203,electronics,9,18.9631,98,21.6359,0,0,242.925
203,electronics,10,25.0612,37,20.9634,0,0,277.188
203,electronics,11,19.5967,114,19.0213,1,0,266.921
203,electronics,12,15.2414,342,23.6294,1,0,276.661
203,electronics,13,15.0129,533,21.7893,1,1,346.589
203,electronics,14,24.3935,43,22.9823,0,0,287.376
203,electronics,15,15.796,265,18.164,1,0,318.468
203,electronics,16,16.0315,251,20.4695,1,0,276.239
203,electronics,17,21.9003,62,21.2054,0,0,254.165
203,electronics,18,24.6111,37,19.8804,0,0,228.825
203,electronics,19,18.3919,92,18.8919,0,0,255.182
203,electronics,20,20.5508,71,25.1461,0,0,282.747
203,electronics,21,19.0542,94,17.6056,0,0,308.789
203,electronics,22,20.0958,83,17.8626,0,0,312.117
203,electronics,23,25.6318,40,22.8223,0,0,359.417
203,electronics,24,21.3242,45,19.7556,0,0,223.988
203,electronics,25,19.8201,66,22.9131,0,0,251.984
203,electronics,26,21.9868,100,24.4035,0,1,347.068
203,electronics,27,23.4336,51,26.9562,0,0,238.166
203,electronics,28,21.2963,75,22.5102,0,0,342.697
203,electronics,29,19.3861,73,21.7323,0,0,235.211
203,electronics,30,23.5961,45,21.4649,0,0,292.867
203,electronics,31,16.8517,240,19.5381,1,0,339.751
203,electronics,32,17.8242,99,21.966,0,0,251.731
203,electronics,33,21.2174,53,17.5629,0,0,287.828
203,electronics,34,21.9173,47,18.0986,0,0,213.176
203,electronics,35,24.8455,43,22.7892,0,0,352.782
203,electronics,36,18.6712,97,25.3626,0,0,318.198
203,electronics,37,16.8053,133,23.8752,0,0,302.085
203,electronics,38,16.9268,174,22.5214,1,0,258.846
203,electronics,39,23.6214,87,19.5051,0,1,516.612
203,electronics,40,17.2512,142,24.8626,0,0,347.882
203,electronics,41,24.5643,65,24.8949,0,0,305.179
203,electronics,42,23.7308,32,23.9644,0,0,221.61
203,electronics,43,67.8897,2,19.4164,0,0,376.825
203,electronics,44,23.6455,49,22.789,0,0,326.464
203,electronics,45,21.7772,31,20.9311,0,0,205.684
203,electronics,46,22.6012,64,26.1809,0,0,335.328
203,electronics,47,21.6607,51,24.4735,0,0,339.773
203,electronics,48,22.1035,52,24.3219,0,0,320.883
203,electronics,49,23.0883,57,23.956,0,0,362.145
203,electronics,50,22.5139,30,18.3285,0,0,308.134
203,electronics,51,22.1312,53,25.3647,0,0,289.332
203,electronics,52,23.2672,65,21.3534,0,1,443.827
203,electronics,53,20.5457,44,22.0995,0,0,256.319
203,electronics,54,16.5739,147,19.3943,1,0,279.427
203,electronics,55,20.1526,51,26.2539,0,0,206.917
203,electronics,56,17.5,106,25.1858,0,0,289.35
203,electronics,57,24.9691,46,21.9372,0,0,336.685
203,electronics,58,20.2455,56,20.0338,0,0,218.707
203,electronics,59,20.4737,62,23.3246,0,0,314.496
204,electronics,0,33.7804,510,40.8018,0,1,1307.772
204,electronics,1,34.3117,216,33.1162,0,0,932.876
204,electronics,2,34.448,213,36.2711,0,0,926.926
204,electronics,3,25.4023,1023,37.1286,1,0,881.441
204,electronics,4,24.2271,1069,34.8615,1,0,843.359
204,electronics,5,24.8061,1112,35.1386,1,0,951.226
204,electronics,6,38.01,149,33.6389,0,0,992.817
204,electronics,7,36.7271,226,36.4345,0,0,1146.342
204,electronics,8,36.3565,246,47.1344,0,0,1024.719
204,electronics,9,32.1121,346,33.1296,0,0,1060.644
204,electronics,10,30.8702,303,29.8764,0,0,1006.768
204,electronics,11,31.9653,330,43.9774,0,0,942.987
204,electronics,12,30.7636,426,50.9765,0,0,974.034
204,electronics,13,36.9587,331,32.5857,0,1,1210.265
204,electronics,14,36.7359,188,37.5667,0,0,984.054
204,electronics,15,25.1653,1038,30.4691,1,0,1097.651
204,electronics,16,29.4942,384,35.0711,0,0,1039.136
204,electronics,17,35.6631,231,37.3016,0,0,1130.905
204,electronics,18,32.5545,245,37.7685,0,0,964.767
204,electronics,19,37.7768,214,40.7985,0,0,1033.327
204,electronics,20,26.8532,489,38.7425,0,0,990.624
204,electronics,21,42.7271,143,38.5957,0,0,1051.892
204,electronics,22,101.2008,5,31.4518,0,0,965.221
204,electronics,23,39.6358,92,36.1591,0,0,754.029
204,electronics,24,35.9327,202,36.0765,0,0,1163.876
204,electronics,25,33.0033,213,32.9201,0,0,866.167
204,electronics,26,39.9165,299,36.6134,0,1,1700.486
204,electronics,27,27.8857,440,35.145,0,0,1073.232
204,electronics,28,29.5852,367,38.8299,0,0,1075.169
204,electronics,29,38.2224,118,28.7876,0,0,1000.818
204,electronics,30,30.9193,306,35.1842,0,0,928.085
204,electronics,31,35.877,151,34.9858,0,0,952.434
204,electronics,32,31.6878,382,35.7744,1,0,890.509
204,electronics,33,35.5197,146,33.7449,0,0,771.211
204,electronics,34,35.8612,147,39.2406,0,0,694.726
204,electronics,35,36.4312,169,38.892,0,0,965.138
204,electronics,36,35.0347,177,35.2335,0,0,1009.159
204,electronics,37,33.7613,244,37.8518,0,0,975.776
204,electronics,38,41.8405,133,38.634,0,0,1268.998
204,electronics,39,31.7424,606,35.3344,0,1,2016.226
204,electronics,40,34.9909,191,37.5875,0,0,988.439
204,electronics,41,34.017,182,33.8855,0,0,979.316
204,electronics,42,27.1393,367,40.2654,0,0,708.759
204,electronics,43,38.5981,136,36.9713,0,0,938.834
204,electronics,44,22.0856,1307,29.2464,1,0,1177.541
204,electronics,45,36.6411,133,28.0173,0,0,860.129
204,electronics,46,30.2855,279,31.3422,0,0,1136.684
204,electronics,47,29.2971,368,38.5692,0,0,1028.056
204,electronics,48,30.4348,333,37.4799,0,0,1137.369
204,electronics,49,32.2713,176,33.0326,0,0,802.255
204,electronics,50,35.0107,178,33.3887,0,0,1103.178
204,electronics,51,27.1913,603,35.5179,1,0,913.817
204,electronics,52,34.4958,424,41.3262,0,1,1622.705
204,electronics,53,30.2565,326,35.2888,0,0,1155.275
204,electronics,54,31.9059,151,34.0328,0,0,690.214
204,electronics,55,34.3642,195,35.931,0,0,916.161
204,electronics,56,41.1852,95,32.8354,0,0,1019.234
204,electronics,57,38.164,91,28.0541,0,0,862.404
204,electronics,58,34.4429,168,36.8083,0,0,963.918
204,electronics,59,36.045,174,35.2808,0,0,1166.04
205,electronics,0,24.2641,99,28.771,0,1,1222.15
205,electronics,1,32.9457,33,30.0808,0,0,1364.075
205,electronics,2,29.4693,33,29.3157,0,0,845.299
205,electronics,3,31.764,15,28.3715,0,0,844.08
205,electronics,4,27.2825,48,26.0126,0,0,942.469
205,electronics,5,25.4359,41,21.738,0,0,890.008
205,electronics,6,37.3716,26,38.5718,0,0,1050.221
205,electronics,7,31.1453,24,26.5358,0,0,809.48
205,electronics,8,35.9872,8,31.1372,0,0,923.397
205,electronics,9,25.7321,57,28.4355,1,0,630.203
205,electronics,10,30.8651,23,24.2392,0,0,849.578
205,electronics,11,33.6572,15,29.3414,0,0,800.472
205,electronics,12,37.2599,15,32.9697,0,0,937.323
205,electronics,13,28.1491,64,30.2617,0,1,1215.2
205,electronics,14,26.0832,36,32.887,0,0,750.595
205,electronics,15,27.0227,54,29.4072,1,0,724.964
205,electronics,16,33.7839,14,23.8455,0,0,834.822
205,electronics,17,29.8587,23,28.2317,0,0,701.839
205,electronics,18,30.8065,22,29.5123,0,0,997.74
205,electronics,19,22.1011,125,31.872,1,0,1016.153
205,electronics,20,30.1324,27,26.3544,0,0,1390.381
205,electronics,21,22.4051,84,22.9136,1,0,960.605
205,electronics,22,31.2717,15,28.013,0,0,950.872
205,electronics,23,31.4663,30,31.3492,0,0,978.084
205,electronics,24,24.274,71,26.7964,1,0,721.241
205,electronics,25,32.4162,17,28.6331,0,0,770.073
205,electronics,26,33.8867,66,35.2401,0,1,3033.73
205,electronics,27,30.771,10,24.9307,0,0,795.053
205,electronics,28,29.1473,21,29.3942,0,0,711.158
205,electronics,29,30.2631,30,29.1454,0,0,851.978
205,electronics,30,31.3222,24,24.7967,0,0,769.358
205,electronics,31,34.4636,11,31.8693,0,0,1050.626
205,electronics,32,34.1884,18,36.3968,0,0,858.755
205,electronics,33,34.612,12,25.6402,0,0,812.868
205,electronics,34,27.2211,38,27.8732,0,0,1069.148
205,electronics,35,32.0256,7,24.7972,0,0,564.696
205,electronics,36,28.2071,22,29.7148,0,0,812.681
205,electronics,37,30.5578,25,30.1265,0,0,920.881
205,electronics,38,30.0227,24,28.5125,0,0,1311.538
205,electronics,39,27.7402,52,28.7811,0,1,1453.352
205,electronics,40,24.645,63,26.8975,1,0,882.226
205,electronics,41,27.8927,28,32.006,0,0,897.77
205,electronics,42,30.8677,15,29.8427,0,0,716.059
205,electronics,43,34.2734,10,28.6981,0,0,677.805
205,electronics,44,36.6718,6,33.9926,0,0,670.913
205,electronics,45,25.6494,40,22.3065,1,0,1050.963
205,electronics,46,26.7453,46,30.8728,0,0,981.173
205,electronics,47,29.9639,10,29.0014,0,0,773.496
205,electronics,48,29.8845,23,29.835,0,0,1111.691
205,electronics,49,22.5518,90,29.7351,1,0,877.832
205,electronics,50,23.5884,58,35.0206,0,0,1040.677
205,electronics,51,26.2966,25,28.5591,0,0,982.692
205,electronics,52,31.8381,28,27.9432,0,1,926.167
205,electronics,53,30.1225,19,32.4842,0,0,744.583
205,electronics,54,28.3367,25,33.0874,0,0,773.817
205,electronics,55,25.3809,55,27.4071,1,0,877.651
205,electronics,56,30.3044,21,25.8263,0,0,1012.744
205,electronics,57,28.2381,21,27.1353,0,0,740.93
205,electronics,58,33.4646,14,33.2519,0,0,791.033
205,electronics,59,38.3014,13,28.0321,0,0,971.954
300,home,0,17.9733,49,14.6185,0,1,590.782
300,home,1,13.3451,33,17.9916,1,0,359.113
300,home,2,17.242,27,18.2025,0,0,365.642
300,home,3,15.4315,22,15.4198,0,0,403.465
300,home,4,13.8196,51,18.3356,1,0,469.594
300,home,5,19.7025,32,20.5817,0,0,432.21
300,home,6,17.4014,34,19.0099,0,0,493.366
300,home,7,15.3308,26,18.9612,0,0,350.598
300,home,8,17.9096,27,18.5287,0,0,419.953
300,home,9,18.6306,29,18.7468,0,0,403.693
300,home,10,16.3929,25,20.7704,0,0,390.526
300,home,11,13.5308,45,19.2343,1,0,435.004
300,home,12,16.6194,29,20.5322,0,0,497.054
300,home,13,14.8149,62,16.9166,1,1,481.331
300,home,14,17.2175,27,21.182,0,0,386.775
300,home,15,16.2432,23,20.6392,0,0,375.585
300,home,16,19.7895,28,20.5318,0,0,420.238
300,home,17,22.0796,42,18.8747,0,0,540.122
300,home,18,16.9455,32,19.6839,0,0,338.787
300,home,19,19.0492,19,15.1631,0,0,398.709
300,home,20,15.0518,40,19.3975,1,0,471.218
300,home,21,13.3697,46,22.2808,1,0,374.3
300,home,22,19.7276,34,18.8051,0,0,629.197
300,home,23,20.7232,34,19.3475,0,0,413.807
300,home,24,17.7569,92,15.457,0,0,1780.317
300,home,25,17.114,21,17.3598,0,0,385.773
300,home,26,18.1092,48,19.6253,0,1,519.421
300,home,27,18.7567,25,17.296,0,0,442.01
300,home,28,18.4824,31,20.3904,0,0,404.261
300,home,29,21.2235,28,20.5884,0,0,366.174
300,home,30,18.7933,23,18.8454,0,0,349.74
300,home,31,17.3901,19,20.913,0,0,365.68
300,home,32,19.2843,21,18.3735,0,0,447.522
300,home,33,18.9308,19,17.8373,0,0,338.863
300,home,34,22.4289,40,18.9544,0,0,604.01
300,home,35,20.2994,18,19.1329,0,0,299.344
300,home,36,19.5508,19,22.6035,0,0,395.415
300,home,37,14.7538,54,20.8447,1,0,539.916
300,home,38,15.3345,30,15.3822,1,0,368.493
300,home,39,19.7508,171,18.5396,0,1,2733.354
300,home,40,19.1567,111,17.9124,0,0,2094.911
300,home,41,18.0752,17,18.3492,0,0,311.641
300,home,42,17.5054,29,15.1417,0,0,440.718
300,home,43,16.9179,19,17.7134,0,0,362.821
300,home,44,20.2375,22,17.7977,0,0,304.782
300,home,45,18.9195,28,22.5599,0,0,430.655
300,home,46,16.8953,24,21.1323,0,0,503.619
300,home,47,18.8805,17,14.0638,0,0,296.507
300,home,48,20.1712,22,19.0628,0,0,464.702
300,home,49,17.4757,27,18.1609,0,0,397.025
300,home,50,19.8518,21,22.5959,0,0,433.024
300,home,51,47.6802,36,19.192,0,0,392.547
300,home,52,15.8169,39,21.712,1,1,476.43
300,home,53,19.1203,30,19.7365,0,0,395.335
300,home,54,19.1813,21,15.6592,0,0,441.397
300,home,55,22.9336,27,23.0095,0,0,364.3
300,home,56,20.2955,31,16.8031,0,0,562.611
300,home,57,18.8636,26,16.693,0,0,413.678
300,home,58,14.8115,20,18.0838,1,0,358.559
300,home,59,19.1607,20,19.5434,0,0,408.863
301,home,0,22.8163,381,33.7331,1,1,1497.4
301,home,1,32.7975,156,35.3172,0,0,1020.243
301,home,2,39.9966,148,28.8536,0,0,883.683
301,home,3,27.1461,227,44.1294,1,0,866.536
301,home,4,39.0917,221,40.1828,0,0,1186.578
301,home,5,30.8169,132,34.0223,0,0,843.649
301,home,6,38.2986,163,43.2521,0,0,823.335
301,home,7,42.247,159,34.4529,0,0,893.82
301,home,8,33.5641,666,31.2891,0,0,5608.887
301,home,9,37.6065,137,37.5872,0,0,757.175
301,home,10,36.6354,155,41.375,0,0,794.873
301,home,11,31.6939,123,33.8309,0,0,724.407
301,home,12,36.1362,143,36.415,0,0,910.111
301,home,13,23.2004,268,35.9976,1,1,1074.008
301,home,14,33.6902,151,32.2002,0,0,871.688
301,home,15,29.5265,182,27.0867,1,0,917.683
301,home,16,39.3586,121,28.5486,0,0,852.253
301,home,17,33.9176,118,28.0884,0,0,819.148
301,home,18,35.5771,163,38.588,0,0,1010.908
301,home,19,23.2353,156,36.0551,1,0,975.961
301,home,20,22.6929,187,34.8307,1,0,895.211
301,home,21,32.6653,132,39.5648,0,0,804.061
301,home,22,39.5866,169,34.4035,0,0,994.07
301,home,23,30.8178,117,32.9177,0,0,864.175
301,home,24,90.5217,361,41.2251,1,0,666.954
301,home,25,35.2762,92,29.4641,0,0,746.858
301,home,26,28.01,220,32.924,0,1,1446.584
301,home,27,23.6364,182,30.1544,1,0,991.026
301,home,28,36.6336,111,35.9791,0,0,742.327
301,home,29,38.7495,84,26.0398,0,0,743.404
301,home,30,32.4705,127,30.2065,0,0,981.6
301,home,31,31.9198,148,39.7969,0,0,1026.297
301,home,32,128.9908,286,41.0605,0,0,783.017
301,home,33,34.5453,158,36.8573,0,0,1031.78
301,home,34,33.7758,96,33.772,0,0,678.633
301,home,35,42.1627,130,34.0813,0,0,885.078
301,home,36,127.8693,476,38.5818,0,0,1284.518
301,home,37,38.7076,101,33.8343,0,0,713.969
301,home,38,36.2821,133,32.28,0,0,869.168
301,home,39,31.4417,169,31.4841,0,1,1230.36
301,home,40,35.3772,115,33.7457,0,0,861.505
301,home,41,33.8012,114,37.7148,0,0,948.349
301,home,42,37.4229,101,35.9904,0,0,731.015
301,home,43,40.603,147,26.6432,0,0,1119.154
301,home,44,35.5782,133,30.7425,0,0,1063.25
301,home,45,34.6936,112,37.7421,0,0,727.904
301,home,46,31.4702,110,32.1014,0,0,963.988
301,home,47,34.5924,70,26.1522,0,0,600.409
301,home,48,33.9998,61,28.8952,0,0,638.935
301,home,49,36.4722,93,32.325,0,0,883.066
301,home,50,32.2992,110,38.8477,0,0,885.76
301,home,51,33.2709,104,34.4996,0,0,983.378
301,home,52,33.1404,171,36.8527,0,1,1061.067
301,home,53,26.397,203,36.6067,1,0,1118.971
301,home,54,35.6394,120,39.2484,0,0,871.918
301,home,55,36.4993,105,35.4311,0,0,780.687
301,home,56,32.7556,96,40.1729,0,0,779.684
301,home,57,23.2361,106,32.9609,1,0,790.494
301,home,58,33.901,82,27.3924,0,0,971.475
301,home,59,37.1581,104,33.377,0,0,785.669
302,home,0,26.945,536,28.5442,0,1,1243.072
302,home,1,25.0722,209,27.8983,0,0,806.548
302,home,2,28.4841,307,23.2518,0,0,1029.983
302,home,3,29.2918,265,27.6059,0,0,813.836
302,home,4,27.5307,329,31.36,0,0,966.099
302,home,5,23.2831,458,36.9932,1,0,917.743
302,home,6,33.7538,320,26.4599,0,0,880.729
302,home,7,30.5821,234,26.1388,0,0,760.024
302,home,8,22.505,394,28.6522,1,0,854.71
302,home,9,32.1443,281,27.652,0,0,874.297
302,home,10,30.1122,230,24.4645,0,0,767.969
302,home,11,25.5616,357,30.2091,0,0,1406.707
302,home,12,29.9871,317,28.6803,0,0,970.395
302,home,13,25.999,706,32.8774,0,1,1847.295
302,home,14,30.055,1314,30.8685,0,0,4851.383
302,home,15,18.2108,358,33.5802,1,0,898.183
302,home,16,25.6538,295,30.2018,0,0,1005.26
302,home,17,28.0175,372,30.7896,0,0,1183.457
302,home,18,25.2041,233,27.6108,0,0,917.684
302,home,19,20.7263,397,24.9075,1,0,1031.32
302,home,20,19.3884,384,27.1667,1,0,1030.744
302,home,21,30.7573,278,35.26,0,0,851.264
302,home,22,28.1142,252,27.0234,0,0,954.945
302,home,23,28.6844,888,30.6573,0,0,3091.771
302,home,24,28.2938,275,35.705,0,0,850.045
302,home,25,27.9789,213,30.2827,0,0,771.523
302,home,26,28.6246,485,28.0837,0,1,1298.355
302,home,27,28.6503,302,31.632,0,0,935.465
302,home,28,26.724,245,26.5773,0,0,890.455
302,home,29,22.7768,388,27.66,1,0,1024.267
302,home,30,29.3658,336,34.9212,0,0,1080.092
302,home,31,30.6108,236,22.7182,0,0,950.72
302,home,32,19.8852,343,27.0639,1,0,989.235
302,home,33,25.1525,223,25.8232,0,0,914.577
302,home,34,32.5367,325,33.3326,0,0,996.969
302,home,35,18.7458,204,30.7132,1,0,624.764
302,home,36,24.7512,239,37.8012,0,0,907.281
302,home,37,29.0339,269,28.5815,0,0,992.884
302,home,38,30.3144,289,33.6242,0,0,997.346
302,home,39,27.9874,414,26.2241,0,1,1436.52
302,home,40,27.1013,251,28.9345,0,0,898.872
302,home,41,21.4396,303,34.4158,1,0,737.412
302,home,42,24.3505,203,34.4087,0,0,947.215
302,home,43,28.178,287,30.1183,0,0,1075.309
302,home,44,31.9202,262,33.643,0,0,814.172
302,home,45,28.1352,214,28.4429,0,0,886.344
302,home,46,17.8074,299,24.0908,1,0,1099.751
302,home,47,22.8111,169,27.8272,0,0,751.458
302,home,48,31.1943,280,29.0885,0,0,1039.609
302,home,49,26.9024,244,30.8589,0,0,934.726
302,home,50,31.0936,286,29.4724,0,0,1056.435
302,home,51,22.8074,270,36.3664,1,0,795.044
302,home,52,37.0851,605,35.9036,0,1,1499.03
302,home,53,27.0161,183,24.2913,0,0,906.569
302,home,54,26.6675,231,27.874,0,0,1129.305
302,home,55,21.3215,363,34.4756,1,0,1041.538
302,home,56,20.0698,404,34.9849,1,0,1209.252
302,home,57,27.8724,198,28.424,0,0,911.084
302,home,58,34.2736,172,23.0457,0,0,671.757
302,home,59,27.8763,241,33.0322,0,0,1008.107
303,home,0,18.1443,53,21.239,0,1,1637.378
303,home,1,22.4187,40,17.162,0,0,1321.533
303,home,2,24.3964,35,22.1968,0,0,1197.36
303,home,3,24.0883,24,19.9271,0,0,918.551
303,home,4,20.9743,40,21.2868,0,0,1203.535
303,home,5,18.7743,56,26.0907,1,0,956.612
303,home,6,21.0702,34,21.1833,0,0,849.875
303,home,7,21.8137,33,19.342,0,0,1136.384
303,home,8,21.8685,32,28.1481,0,0,950.998
303,home,9,24.4046,35,24.1184,0,0,1294.571
303,home,10,22.7071,53,26.376,0,0,1336.125
303,home,11,20.3983,30,16.9174,0,0,1095.849
303,home,12,14.7888,40,21.2198,1,0,1188.867
303,home,13,21.3811,50,21.0758,0,1,1469.518
303,home,14,22.9694,31,18.0792,0,0,1295.501
303,home,15,22.9655,42,22.4587,0,0,1386.55
303,home,16,17.6807,54,20.7303,1,0,1199.522
303,home,17,21.8889,28,20.8135,0,0,1171.754
303,home,18,20.0316,34,22.3532,0,0,1200.996
303,home,19,20.3963,25,22.829,0,0,1083.488
303,home,20,21.0347,29,18.0454,0,0,1055.993
303,home,21,17.1473,37,17.7382,1,0,1076.645
303,home,22,25.8563,43,21.9498,0,0,1221.051
303,home,23,21.8395,38,20.8238,0,0,1084.573
303,home,24,24.9725,33,21.8465,0,0,1186.896
303,home,25,59.1212,50,19.1894,0,0,1047.304
303,home,26,17.1791,88,22.4017,1,1,1717.023
303,home,27,13.3422,27,18.0293,1,0,1238.143
303,home,28,21.1559,32,22.685,0,0,1068.555
303,home,29,18.862,51,25.6536,1,0,956.469
303,home,30,26.6807,33,22.5077,0,0,1051.291
303,home,31,22.6401,31,22.7077,0,0,1067.772
303,home,32,23.7233,24,20.8845,0,0,976.422
303,home,33,46.8996,62,14.6206,0,0,1374.129
303,home,34,15.6688,29,20.4214,1,0,1104.485
303,home,35,16.3212,35,25.8476,1,0,881.419
303,home,36,24.6371,44,21.5382,0,0,1170.29
303,home,37,20.6876,132,21.1668,0,0,6049.512
303,home,38,19.9422,25,20.5711,0,0,1264.283
303,home,39,20.1164,49,24.6529,0,1,1619.767
303,home,40,23.4081,22,20.5499,0,0,939.307
303,home,41,18.7533,19,25.3133,0,0,942.445
303,home,42,14.744,40,27.0114,1,0,972.45
303,home,43,21.5981,26,27.8875,0,0,1116.665
303,home,44,23.8297,23,20.1874,0,0,980.001
303,home,45,21.6683,26,21.3598,0,0,1193.485
303,home,46,21.5862,37,25.0498,0,0,1144.618
303,home,47,17.4262,17,18.8213,0,0,1224.875
303,home,48,24.2782,35,19.9264,0,0,1425.499
303,home,49,21.274,27,20.9334,0,0,1128.624
303,home,50,22.4245,38,22.2142,0,0,1206.51
303,home,51,25.226,88,20.9098,0,0,4540.286
303,home,52,19.409,62,24.8792,0,1,1809.014
303,home,53,24.3758,37,20.8695,0,0,1430.204
303,home,54,22.6639,34,23.0297,0,0,1096.527
303,home,55,15.7492,33,20.5579,1,0,1033.939
303,home,56,17.2863,37,19.529,1,0,1255.75
303,home,57,19.8987,12,19.0379,0,0,951.697
303,home,58,23.3738,29,23.8432,0,0,1207.684
303,home,59,15.6857,20,24.3138,1,0,975.111
304,home,0,25.3244,304,27.9914,0,1,1023.261
304,home,1,28.8329,175,27.77,0,0,732.814
304,home,2,23.2773,173,29.1758,0,0,726.042
304,home,3,20.9762,151,24.0475,0,0,678.76
304,home,4,26.0349,206,27.1462,0,0,869.244
304,home,5,26.3322,137,27.348,0,0,672.391
304,home,6,24.7799,128,21.948,0,0,642.312
304,home,7,18.0381,198,21.5616,1,0,767.803
304,home,8,26.5559,208,23.3904,0,0,836.779
304,home,9,23.9113,124,19.8623,0,0,712.192
304,home,10,26.3805,183,24.7301,0,0,801.218
304,home,11,27.3421,204,35.7068,0,0,716.148
304,home,12,21.92,166,26.2393,0,0,690.906
304,home,13,26.9393,258,27.217,0,1,935.877
304,home,14,27.7095,136,24.5034,0,0,588.015
304,home,15,26.4537,169,25.7456,0,0,822.207
304,home,16,16.4565,199,26.5604,1,0,748.167
304,home,17,18.8955,152,22.135,1,0,578.448
304,home,18,16.9003,214,30.2384,1,0,800.352
304,home,19,23.9104,130,24.1512,0,0,711.447
304,home,20,28.2435,149,21.1877,0,0,776.531
304,home,21,80.092,428,23.8997,0,0,956.448
304,home,22,25.4481,145,22.2898,0,0,830.916
304,home,23,20.3641,211,29.1377,1,0,747.844
304,home,24,28.1729,199,27.7949,0,0,839.992
304,home,25,24.7339,101,24.8001,0,0,565.389
304,home,26,26.3188,209,24.223,0,1,794.705
304,home,27,24.3229,160,26.1227,0,0,839.971
304,home,28,23.3773,140,24.6358,0,0,782.22
304,home,29,25.0208,114,24.35,0,0,686.319
304,home,30,25.3145,106,23.4181,0,0,574.952
304,home,31,27.6301,130,22.0784,0,0,703.196
304,home,32,23.825,86,20.8319,0,0,632.84
304,home,33,19.7872,154,25.012,1,0,647.166
304,home,34,22.0099,178,27.8563,1,0,658.942
304,home,35,17.4455,190,28.4738,1,0,750.686
304,home,36,23.8766,129,23.3165,0,0,723.057
304,home,37,28.4952,110,26.6003,0,0,606.476
304,home,38,16.5598,133,24.1436,1,0,608.583
304,home,39,15.7864,327,28.0481,1,1,1208.047
304,home,40,26.1534,111,25.1231,0,0,716.782
304,home,41,28.2644,172,25.3914,0,0,895.479
304,home,42,25.9659,119,24.6914,0,0,679.506
304,home,43,25.4265,138,28.2846,0,0,738.536
304,home,44,24.6412,107,22.5298,0,0,721.543
304,home,45,23.5708,99,21.2476,0,0,610.703
304,home,46,24.6717,116,23.8593,0,0,672.98
304,home,47,22.058,154,25.7707,1,0,601.041
304,home,48,25.564,113,19.2603,0,0,814.422
304,home,49,26.8448,91,25.4347,0,0,610.362
304,home,50,17.9894,97,20.8742,1,0,525.875
304,home,51,25.9668,107,25.6364,0,0,733.402
304,home,52,26.3451,194,24.5619,0,1,920.477
304,home,53,21.9822,86,28.0025,0,0,616.376
304,home,54,17.6978,153,28.9594,1,0,754.978
304,home,55,19.1975,107,25.2141,1,0,570.897
304,home,56,16.8819,138,22.3022,1,0,798.723
304,home,57,26.8426,84,25.7241,0,0,599.861
304,home,58,29.4164,127,27.5126,0,0,808.227
304,home,59,26.3478,120,28.7751,0,0,720.475
305,home,0,28.765,263,31.2883,1,1,672.465
305,home,1,22.8237,188,46.2756,1,0,628.947
305,home,2,37.3304,180,46.2453,0,0,604.979
305,home,3,42.6221,203,39.2665,0,0,750.553
305,home,4,33.65,109,35.725,0,0,473.278
305,home,5,37.9034,128,39.8663,0,0,543.655
305,home,6,47.5751,142,36.8651,0,0,516.549
305,home,7,31.7405,150,31.6521,0,0,726.452
305,home,8,30.7481,116,36.9598,0,0,583.012
305,home,9,36.2564,122,35.9346,0,0,551.294
305,home,10,34.2846,117,35.3565,0,0,495.109
305,home,11,39.8136,109,32.965,0,0,439.428
305,home,12,39.6111,152,43.445,0,0,619.145
305,home,13,32.3581,205,41.0531,0,1,722.717
305,home,14,36.6196,92,30.368,0,0,528.776
305,home,15,40.6437,113,40.6848,0,0,435.595
305,home,16,36.3316,121,32.5086,0,0,529.875
305,home,17,34.7835,112,37.4677,0,0,442.445
305,home,18,33.5451,153,35.8445,0,0,771.503
305,home,19,37.0482,126,37.6337,0,0,550.787
305,home,20,23.8972,113,33.9157,1,0,439.555
305,home,21,34.9296,114,37.0381,0,0,567.335
305,home,22,34.4811,100,35.2774,0,0,471.152
305,home,23,35.7378,132,44.9105,0,0,631.777
305,home,24,38.7387,137,48.6006,0,0,523.201
305,home,25,40.9362,110,40.8279,0,0,450.734
305,home,26,37.2649,266,41.5097,0,1,899.28
305,home,27,24.9593,87,31.565,1,0,394.852
305,home,28,32.3147,89,34.7912,0,0,532.47
305,home,29,36.9364,113,26.1005,0,0,656.936
305,home,30,43.9728,111,29.0868,0,0,628.881
305,home,31,34.1135,93,42.1002,0,0,516.431
305,home,32,34.9501,111,31.2029,0,0,569.846
305,home,33,35.7719,84,35.3324,0,0,437.477
305,home,34,35.5313,116,42.4907,0,0,492.975
305,home,35,37.0762,142,35.1533,0,0,783.01
305,home,36,39.5417,130,42.5354,0,0,508.58
305,home,37,115.9915,304,39.8996,0,0,645.983
305,home,38,25.1814,123,44.4026,1,0,418.908
305,home,39,36.4644,208,45.0339,0,1,686.414
305,home,40,37.6535,148,37.9527,0,0,777.055
305,home,41,34.0085,90,32.1734,0,0,653.994
305,home,42,31.2538,108,37.3593,0,0,745.856
305,home,43,23.6839,116,40.7811,1,0,432.638
305,home,44,35.3931,88,40.1353,0,0,489.845
305,home,45,22.5908,131,33.8661,1,0,498.3
305,home,46,34.0451,87,31.4912,0,0,657.047
305,home,47,39.9263,107,39.8291,0,0,544.479
305,home,48,22.9629,120,37.8438,1,0,579.632
305,home,49,45.6521,125,40.4152,0,0,525.031
305,home,50,38.7581,127,34.6655,0,0,599.363
305,home,51,43.4002,124,47.4709,0,0,581.738
305,home,52,36.7454,209,45.5247,0,1,738.012
305,home,53,39.3715,84,31.7842,0,0,531.674
305,home,54,34.9258,83,34.44,0,0,541.574
305,home,55,27.0115,122,38.6453,1,0,500.526
305,home,56,49.0104,132,35.4874,0,0,680.149
305,home,57,34.0517,98,38.6516,0,0,541.173
305,home,58,34.7049,112,43.2756,0,0,660.534
305,home,59,29.0208,150,38.5392,1,0,588.493
