planet_name,facility,log_mass_earth,radius_earth,radius_sigma_earth
Kepler-879 c,Kepler,-1.4388986164,0.400000,0.100000
Kepler-1869 c,Kepler,-0.4814860601,0.740000,0.075000
Kepler-1141 b,Kepler,-0.3214816210,0.820000,0.100000
Kepler-1173 b,Kepler,-0.1938200260,0.890000,0.150000
Kepler-1425 b,Kepler,-0.1084625423,0.940000,0.160000
Kepler-322 b,Kepler,0.0043213738,1.010000,0.110000
Kepler-1423 b,Kepler,0.0791812460,1.060000,0.080000
Kepler-20 f,Kepler,0.1461280357,0.952000,0.067000
Kepler-1590 b,Kepler,0.1903316982,1.140000,0.245000
Kepler-1390 b,Kepler,0.2455126678,1.180000,0.190000
Kepler-367 c,Kepler,0.2718416065,1.200000,0.160000
Kepler-1055 b,Kepler,0.3096301674,1.230000,0.065000
Kepler-150 b,Kepler,0.3222192947,1.250000,0.190000
Kepler-132 c,Kepler,0.3384564936,1.280000,0.250000
Kepler-354 c,Kepler,0.3560258572,1.310000,0.420000
Kepler-220 e,Kepler,0.3673559210,1.330000,0.120000
Kepler-295 d,Kepler,0.3838153660,1.360000,0.720000
Kepler-1229 b,Kepler,0.4048337166,1.400000,0.120000
Kepler-403 d,Kepler,0.4149733480,1.420000,0.245000
Kepler-406 c,Kepler,0.4329692909,0.850000,0.030000
Kepler-123 c,Kepler,0.4456042033,1.480000,0.300000
Kepler-1324 b,Kepler,0.4608978428,1.510000,0.085000
Kepler-825 b,Kepler,0.4712917111,1.530000,0.305000
Kepler-309 b,Kepler,0.4842998393,1.560000,0.140000
Kepler-55 f,Kepler,0.4983105538,1.590000,0.100000
Kepler-744 b,Kepler,0.5132176001,1.620000,0.105000
Kepler-46 d,Kepler,0.5224442335,1.640000,0.920000
Kepler-763 d,Kepler,0.5352941200,1.670000,0.100000
Kepler-830 b,Kepler,0.5477747054,1.700000,0.430000
Kepler-166 d,Kepler,0.5611013836,1.730000,0.125000
Kepler-1389 b,Kepler,0.5774917998,1.770000,0.095000
Kepler-769 c,Kepler,0.5865873047,1.790000,0.515000
Kepler-638 b,Kepler,0.6031443726,1.830000,0.435000
Kepler-529 b,Kepler,0.6148972160,1.860000,0.210000
Kepler-1596 b,Kepler,0.6304278750,1.900000,0.210000
Kepler-653 b,Kepler,0.6493348587,1.950000,0.275000
Kepler-1017 b,Kepler,0.6646419756,1.990000,0.205000
Kepler-1105 b,Kepler,0.6720978579,2.010000,0.155000
Kepler-363 d,Kepler,0.6866362693,2.050000,0.400000
Kepler-155 b,Kepler,0.7007037171,2.090000,0.210000
Kepler-814 b,Kepler,0.7109631190,2.120000,0.495000
Kepler-61 b,Kepler,0.7218106152,2.150000,0.130000
Kepler-1705 c,Kepler,0.7339992865,2.050000,0.145000
Kepler-1186 b,Kepler,0.7481880270,2.230000,0.290000
Kepler-1242 b,Kepler,0.7581546220,2.260000,0.130000
Kepler-1227 b,Kepler,0.7678976160,2.290000,0.375000
Kepler-998 b,Kepler,0.7774268224,2.320000,0.455000
Kepler-256 e,Kepler,0.7867514221,2.350000,0.580000
Kepler-1060 b,Kepler,0.7965743332,2.380000,0.370000
Kepler-680 b,Kepler,0.8088858674,2.420000,0.535000
Kepler-306 d,Kepler,0.8234742292,2.470000,0.240000
Kepler-885 b,Kepler,0.8325089127,2.500000,0.395000
Kepler-156 c,Kepler,0.8475726591,2.550000,0.190000
Kepler-500 b,Kepler,0.8561244442,2.580000,0.210000
Kepler-223 b,Kepler,0.8692317197,2.990000,0.225000
Kepler-1642 c,Kepler,0.8785217955,2.660000,0.250000
Kepler-417 c,Kepler,0.8864907252,2.690000,0.165000
Kepler-164 c,Kepler,0.8976270913,2.730000,0.520000
Kepler-480 b,Kepler,0.9111576087,2.780000,0.250000
Kepler-722 c,Kepler,0.9216864755,2.820000,0.445000
Kepler-172 c,Kepler,0.9319661147,2.860000,0.530000
Kepler-184 c,Kepler,0.9444826722,1.970000,1.110000
Kepler-22 b,Kepler,0.9590413923,2.100000,0.120000
Kepler-1490 b,Kepler,0.9768083373,3.040000,0.500000
Kepler-175 c,Kepler,0.9912260757,3.100000,1.560000
Kepler-1593 b,Kepler,1.0086001718,3.170000,0.290000
Kepler-1080 b,Kepler,1.0334237555,3.280000,0.815000
Kepler-684 b,Kepler,1.0492180227,3.360000,0.300000
Kepler-82 b,Kepler,1.0845762779,4.070000,0.170000
Kepler-608 b,Kepler,1.1105897103,3.640000,0.580000
Kepler-293 c,Kepler,1.1461280357,3.830000,1.630000
Kepler-258 b,Kepler,1.1903316982,4.060000,2.710000
Kepler-350 b,Kepler,1.2278867046,1.850000,0.380000
Kepler-318 b,Kepler,1.2988530764,4.710000,0.830000
Kepler-231 c,Kepler,1.3820170426,1.930000,0.190000
Kepler-1625 b,Kepler,1.4857214265,6.060000,0.700000
Kepler-799 b,Kepler,1.5786392100,6.880000,0.710000
Kepler-462 b,Kepler,1.7315887652,3.000000,0.150000
Kepler-1517 b,Kepler,1.8369567371,9.760000,2.360000
Kepler-63 b,Kepler,2.0791812460,6.110000,0.200000
K2-89 b,K2,-0.7695510786,0.615000,0.080000
K2-210 b,K2,-0.2471835688,0.860000,0.200000
EPIC 220492298 b,K2,-0.0282604091,0.990000,0.100000
K2-72 d,K2,0.0043213738,1.010000,0.120000
EPIC 201170410.02,K2,0.0606978404,1.047000,0.266500
K2-156 b,K2,0.1367205672,1.100000,0.075000
K2-138 f,K2,0.2121876044,2.904000,0.137500
EPIC 206042996 c,K2,0.2718416065,1.200000,0.150000
K2-336 b,K2,0.2966651903,1.220000,0.070000
K2-32 e,K2,0.3222192947,1.212000,0.049000
K2-407 b,K2,0.3404441148,1.283000,0.093000
K2-369 b,K2,0.3579348470,1.313000,0.098000
K2-368 b,K2,0.3692158574,1.332000,0.103500
K2-190 b,K2,0.3820170426,1.356737,0.139047
K2-270 b,K2,0.3944516808,1.380000,0.110000
K2-201 b,K2,0.4048337166,1.400067,0.106255
K2-219 c,K2,0.4248816366,1.438397,0.202750
EPIC 212297394 b,K2,0.4456042033,1.480000,0.120000
K2-223 c,K2,0.4563660331,1.500000,0.100000
K2-350 b,K2,0.4756711883,1.540000,0.130000
K2-383 b,K2,0.4871383755,1.564000,0.112000
K2-68 b,K2,0.4941545940,1.580000,0.230000
K2-133 c,K2,0.5051499783,1.603000,0.089000
K2-149 b,K2,0.5224442335,1.640000,0.190000
K2-208 b,K2,0.5378190951,1.674622,0.107606
EPIC 206024342 b,K2,0.5477747054,1.700000,0.450000
K2-252 b,K2,0.5658478187,1.740000,0.145000
K2-170 c,K2,0.5910646070,1.801765,0.201730
K2-168 b,K2,0.6148972160,1.860000,0.175000
K2-187 e,K2,0.6304278750,1.900000,0.300000
K2-138 g,K2,0.6354837468,3.013000,0.277000
K2-35 c,K2,0.6414741105,1.930000,0.120000
K2-126 b,K2,0.6570558529,1.970000,0.120000
K2-101 b,K2,0.6683859167,2.000000,0.105000
K2-243 c,K2,0.6720978579,2.010000,0.140000
K2-117 b,K2,0.6794278966,2.030000,0.100000
K2-46 b,K2,0.6866362693,2.050000,0.240000
HD 3167 b,K2,0.6963563887,1.670000,0.135000
K2-4 b,K2,0.7041505168,2.100000,0.195000
K2-215 b,K2,0.7126497016,2.123812,0.208514
K2-243 b,K2,0.7283537820,2.170000,0.130000
K2-325 b,K2,0.7387805585,2.200000,0.145000
K2-17 b,K2,0.7481880270,2.230000,0.200000
K2-355 b,K2,0.7551122664,2.250000,0.190000
K2-401 b,K2,0.7589118924,2.262000,0.200500
K2-356 b,K2,0.7678976160,2.290000,0.135000
K2-202 b,K2,0.7715874809,2.301656,0.156817
K2-259 b,K2,0.7774268224,2.320000,0.185000
K2-275 b,K2,0.7839035793,2.340000,0.260000
Wolf 503 b,K2,0.7965743332,2.043000,0.069000
K2-37 c,K2,0.8055008582,2.410000,0.105000
K2-43 c,K2,0.8088858674,2.420000,0.185000
K2-198 d,K2,0.8142475957,2.438000,0.093000
K2-409 b,K2,0.8273692731,2.482000,0.166000
K2-179 b,K2,0.8363241157,2.512679,0.142529
K2-16 c,K2,0.8444771757,2.540000,0.795000
K2-197 b,K2,0.8500332577,2.560000,0.160000
K2-395 b,K2,0.8609366207,2.597000,0.185000
K2-207 b,K2,0.8633228601,2.605853,0.289556
K2-277 b,K2,0.8692317197,2.185751,0.162530
K2-212 b,K2,0.8756399370,2.650000,0.190000
HIP 41378 e,K2,0.8819549713,5.190000,0.040000
EPIC 212737443 c,K2,0.8864907252,2.690000,0.146000
EPIC 220674823 c,K2,0.8976270913,2.712000,0.071000
K2-216 b,K2,0.9030899870,1.750000,0.135000
K2-249 b,K2,0.9138138524,2.790000,0.245000
K2-70 b,K2,0.9395192526,2.890000,0.470000
K2-317 b,K2,0.9498777040,2.930000,0.180000
K2-73 b,K2,0.9637878273,2.580000,0.095000
K2-195 b,K2,0.9982593384,3.130000,0.120000
K2-233 d,K2,1.0128372247,2.363000,0.062000
K2-63 b,K2,1.0211892991,3.220000,0.990000
EPIC 211945201 b,K2,1.0413926852,5.760000,0.300000
K2-266 b,K2,1.0518400460,3.300000,1.550000
K2-199 c,K2,1.0934216852,2.850000,0.095000
K2-225 b,K2,1.1038037210,3.609292,0.252202
K2-266 e,K2,1.1553360375,2.730000,0.125000
HD 106315 c,K2,1.1818435879,4.350000,0.230000
WASP-47 d,K2,1.1903316982,3.650000,0.030000
K2-43 b,K2,1.2671717284,4.510000,0.315000
GJ 238 b,TESS,-0.8996294549,0.566000,0.014000
TOI-700 e,TESS,-0.0872466963,0.953000,0.082000
HD 63433 d,TESS,0.0969100130,1.073000,0.045000
LHS 1815 b,TESS,0.1986570870,1.088000,0.064000
TOI-1411 b,TESS,0.3010299957,1.198806,0.047050
TOI-5728 b,TESS,0.3560258572,1.310000,0.050000
TOI-1693 b,TESS,0.4099331233,1.410000,0.100000
TOI-2104 b,TESS,0.4698220160,1.528981,0.130875
TOI-198 b,TESS,0.5010592622,1.360000,0.130000
TOI-178 e,TESS,0.5415792439,2.301000,0.038500
HD 21749 c,TESS,0.5682017241,0.892000,0.061000
TOI-1846 b,TESS,0.5877109650,1.792000,0.066500
L 168-9 b,TESS,0.6095944092,1.630000,0.140000
TOI-178 g,TESS,0.6434526765,2.939000,0.056000
LHS 1903 c,TESS,0.6580113967,2.046000,0.076000
TOI-5624 c,TESS,0.6812412374,2.474000,0.042000
TOI-5789 c,TESS,0.6989700043,2.860000,0.165000
TOI-4438 b,TESS,0.7323937598,2.520000,0.130000
TOI-1269 c,TESS,0.7481880270,2.229992,0.217071
HD 28109 d,TESS,0.7634279936,3.110000,0.150000
HD 28109 b,TESS,0.7923916895,2.690000,0.230000
TOI-209 b,TESS,0.8007170783,2.394721,0.209240
TOI-5788 c,TESS,0.8061799740,2.272000,0.039000
TOI-2274 b,TESS,0.8175653696,2.450000,0.180000
TIC 445839811 b,TESS,0.8260748027,2.477712,0.388388
TOI-5605 b,TESS,0.8401060945,2.526113,0.310555
TOI-2076 c,TESS,0.8573324964,3.540000,0.140000
TOI-1203.01,TESS,0.8686444384,2.918000,0.045500
TOI-815 b,TESS,0.8808135923,2.940000,0.050000
HD 191939 c,TESS,0.9030899870,3.195000,0.075000
TOI-1750 b,TESS,0.9132839018,2.789438,0.294232
TOI-1774.01,TESS,0.9294189257,2.780000,0.045000
TOI-269 b,TESS,0.9444826722,2.770000,0.120000
TOI-1467 b,TESS,0.9542425094,1.920000,0.142000
TOI-6054.02,TESS,0.9684829486,2.820000,0.165000
TOI-836.01,TESS,0.9822712330,2.587000,0.088000
TOI-2227 b,TESS,0.9907826918,3.098852,0.244267
TOI-669 b,TESS,1.0000000000,2.586065,0.120286
HD 63935 b,TESS,1.0211892991,2.915752,0.085025
HD 77946 b,TESS,1.0374264979,2.896461,0.164556
TOI-1260 d,TESS,1.0733517024,3.120000,0.080000
TOI-1410.01,TESS,1.0969100130,3.100830,0.190752
TOI-7009 b,TESS,1.1238516410,3.710000,0.150000
TOI-220 b,TESS,1.1398790864,3.030000,0.150000
TOI-5486 b,TESS,1.1731862684,3.968249,0.367604
TOI-5502 b,TESS,1.2013971243,4.128738,0.368202
HD 21520 b,TESS,1.2479732664,2.697000,0.090000
TIC 365102760 b,TESS,1.2833012287,6.210000,0.760000
TOI-5126 b,TESS,1.3053513694,4.740000,0.150000
TIC 88785435 b,TESS,1.3483048630,5.030000,0.205000
TOI-1272 b,TESS,1.3820170426,4.260000,0.100000
TIC 77552382 b,TESS,1.4393326938,5.691762,0.604036
LP 714-47 b,TESS,1.4885507165,4.700000,0.300000
TOI-4029 b,TESS,1.5634810854,6.737566,0.471840
TOI-849 b,TESS,1.6211762818,3.640000,0.380000
TOI-2328 b,TESS,1.7063126938,9.975993,0.392314
TOI-5398 b,TESS,1.7686381012,10.300000,0.400000
TOI-907.01,TESS,1.8260748027,9.615885,0.611628
HD 332231 b,TESS,1.8698182080,9.073033,0.181275
TOI-4994 b,TESS,1.9493507425,8.541243,0.319456
TOI-3877 b,TESS,1.9991223592,11.679758,0.487591
TOI-4633 c,TESS,2.0899051114,3.200000,0.195000
TOI-615 b,TESS,2.1406819681,18.976804,0.610889
TOI-4214 b,TESS,2.2181960548,10.682159,0.347478
NGTS-27 b,TESS,2.2752474045,15.647737,0.409128
TOI-2524 b,TESS,2.3083726851,11.208981,0.280225
TOI-1789 b,TESS,2.3472907512,16.140932,2.129706
TOI-169 b,TESS,2.4003713714,12.172974,0.722981
TOI-1478 b,TESS,2.4466753833,11.993609,1.457167
TOI-2803 A b,TESS,2.4911973269,18.113713,0.369896
TOI-5205 b,TESS,2.5352941200,11.600000,0.300000
TOI-1181 b,TESS,2.5737065163,17.026442,0.661330
TIC 87422071 b,TESS,2.6127824215,10.861502,0.958368
TOI-481 b,TESS,2.6868863187,11.096910,0.112090
TIC 237913194 b,TESS,2.7904441135,12.520453,0.566055
TOI-4562 b,TESS,2.8645110811,12.530000,0.150000
TOI-2180 b,TESS,2.9423143143,11.321071,0.229784
TIC 46432937 b,TESS,3.0073426895,13.316269,0.336269
TOI-5301 b,TESS,3.0727356510,13.092089,0.818256
TOI-172 b,TESS,3.2361941744,10.816685,0.341874
