leaf	decision	reason	paths_considered	constraint_depth	tainted_members	selected_path
leaf-accept-a1	accepted	valid	1			fc662200da24da2480aa1b7a6996b3d7ee5b957fe4044f3f595387ea3176f3b2,dd503d512cc3f41f4fe8e2d5079c0c98552439ec2a3c34954ca51a3c45aacb00,ab2eaa520187d0f617296f407ff45962c4452b78de9a65dd9a76a52c87fdb34f
leaf-accept-deep	accepted	valid	1			f0236318b5c28044f26ecda4ae4d3ab05bfc61ceafeee6b192f2cd901fdd676d,9ef630984ec4390ebb8de767e6907fedc8e1ecba32da8c1415afeb2444d77ebb,dd503d512cc3f41f4fe8e2d5079c0c98552439ec2a3c34954ca51a3c45aacb00,ab2eaa520187d0f617296f407ff45962c4452b78de9a65dd9a76a52c87fdb34f
leaf-accept-direct	accepted	valid	1			9ff12929388d4cfcb0e0d74442e17628e80a20dfa272fdaea3badfb8dbe5f13d,ab2eaa520187d0f617296f407ff45962c4452b78de9a65dd9a76a52c87fdb34f
leaf-badsig	rejected	bad_signature	0			1a344ed8066d7c62ba66b103fff5641988f9f5585f077e36b9f2892f79b9de3f
leaf-crosspath	rejected	expired	2			b38f68c6e4116df7b5779e4b1f78231829ca57f3be60ec49a720e84f1f03d8e8,7e1eccc4bb5e880c212525086649d9379c7e970978463a175816854a2219ebaa,32f3361b036ab4e863046e022017ef81eec4351247a047b3022fc6ada6d80473,ab2eaa520187d0f617296f407ff45962c4452b78de9a65dd9a76a52c87fdb34f
leaf-excluded	rejected	name_constraint	1	1		19b249162efe12411b1d5e25f1b61c1689413fa45010eb2f87d8ebe4d03f3f0f,f38521396c50d8ddda82450712c21db33e26227b2dc6c24f53005f4b40c119b4,ab2eaa520187d0f617296f407ff45962c4452b78de9a65dd9a76a52c87fdb34f
leaf-expired	rejected	expired	1			da7edb3b5fa7e3580ca4b1027b30d4af9b77e0f43cc0b6b436e520f17c3294a3,dd503d512cc3f41f4fe8e2d5079c0c98552439ec2a3c34954ca51a3c45aacb00,ab2eaa520187d0f617296f407ff45962c4452b78de9a65dd9a76a52c87fdb34f
leaf-mesh-cascade	rejected	revoked	2		282b7727e49e973baf41a55c66563f598eb8f8b8c5d9f7fd2df183d692b72dff,44fe3a3ff34f9fc265543935fb9fde69baaa6ebbc5804be825991ac4ef6126bd	6678de4d6932dcd4385598b915182b1437fdbbbf276a053e5ad9a58e75f23ecb,44fe3a3ff34f9fc265543935fb9fde69baaa6ebbc5804be825991ac4ef6126bd,282b7727e49e973baf41a55c66563f598eb8f8b8c5d9f7fd2df183d692b72dff,1c3f91f6e0d0306e0b791359fb828dacad261e321c3d306c0df10eae8d68581c
leaf-multi	accepted	valid	2			208fe4a3f8562ced1be9ff54e0b1a3cbc8ea6a4d6d86958a0ce9af07822cba65,3319b28d6bfbc650f1a3691b8277bd17fbc233f857f1d70362b863926e942c89,ab2eaa520187d0f617296f407ff45962c4452b78de9a65dd9a76a52c87fdb34f
leaf-namefail	rejected	name_constraint	1	1		7285461ba10a359c5a0fe3e2828f5591ba944be7b9688d7873b43a2b27c86302,dd503d512cc3f41f4fe8e2d5079c0c98552439ec2a3c34954ca51a3c45aacb00,ab2eaa520187d0f617296f407ff45962c4452b78de9a65dd9a76a52c87fdb34f
leaf-namefail-deep	rejected	name_constraint	1	1		af7a04614e7859dd89a0f2a3e0ea83a33d5099cd38b826f75feeba78247c8e1d,9ef630984ec4390ebb8de767e6907fedc8e1ecba32da8c1415afeb2444d77ebb,dd503d512cc3f41f4fe8e2d5079c0c98552439ec2a3c34954ca51a3c45aacb00,ab2eaa520187d0f617296f407ff45962c4452b78de9a65dd9a76a52c87fdb34f
leaf-notyet	rejected	not_yet_valid	1			506db332e530bbebdcd160ee834488e1ae2f90350764249db0e1813ab57bb4d6,dd503d512cc3f41f4fe8e2d5079c0c98552439ec2a3c34954ca51a3c45aacb00,ab2eaa520187d0f617296f407ff45962c4452b78de9a65dd9a76a52c87fdb34f
leaf-revoked-and-expired	rejected	revoked	1		282b7727e49e973baf41a55c66563f598eb8f8b8c5d9f7fd2df183d692b72dff	472f29ab49c927b9e1e4b2c4bd5ba9c5dabbf41cb7e3f05943c7c02183de98ec,282b7727e49e973baf41a55c66563f598eb8f8b8c5d9f7fd2df183d692b72dff,1c3f91f6e0d0306e0b791359fb828dacad261e321c3d306c0df10eae8d68581c
leaf-revoked-byfp	rejected	revoked	1		282b7727e49e973baf41a55c66563f598eb8f8b8c5d9f7fd2df183d692b72dff	23c1ab4eb4fa17782e6bef1e7c87f7c1e0dbe5670c60ad822681a49ba9d60bd5,282b7727e49e973baf41a55c66563f598eb8f8b8c5d9f7fd2df183d692b72dff,1c3f91f6e0d0306e0b791359fb828dacad261e321c3d306c0df10eae8d68581c
leaf-revoked-byname	rejected	revoked	1		7e8ee1e19fa3f0d52527d47f80f157d1e8e7e0d99e8421b0fe2de9583f2c7c11	d448b1f802900f80a5ac12e469a0a2df625f3e2dd47312d6b6711ab72a02ac0f,7e8ee1e19fa3f0d52527d47f80f157d1e8e7e0d99e8421b0fe2de9583f2c7c11,ab2eaa520187d0f617296f407ff45962c4452b78de9a65dd9a76a52c87fdb34f
leaf-revoked-byname-deep	rejected	revoked	1		7e8ee1e19fa3f0d52527d47f80f157d1e8e7e0d99e8421b0fe2de9583f2c7c11,bf96bac4fa33f43c01e968216be265abb1c1f4973208499423b493d33f451c41	4b709e758f5040e323046e0f775a7bdb49237582fa938173c4721e69155370ce,bf96bac4fa33f43c01e968216be265abb1c1f4973208499423b493d33f451c41,7e8ee1e19fa3f0d52527d47f80f157d1e8e7e0d99e8421b0fe2de9583f2c7c11,ab2eaa520187d0f617296f407ff45962c4452b78de9a65dd9a76a52c87fdb34f
leaf-ring-cycle	rejected	revoked	2		282b7727e49e973baf41a55c66563f598eb8f8b8c5d9f7fd2df183d692b72dff,44fe3a3ff34f9fc265543935fb9fde69baaa6ebbc5804be825991ac4ef6126bd,c45a7bf70fcd78653f8eb2095f0e404b1ef189090538c6e5f33bdd86c29cbb8f,e0315ff3c52de60c922240d7bc6ab38bbc220384c36068d7d4a5b1a3e0237bf3	ceeee450a31c21bb1a24dceda175764205fcea891350b8ce671b5fa82bdce72f,e0315ff3c52de60c922240d7bc6ab38bbc220384c36068d7d4a5b1a3e0237bf3,c45a7bf70fcd78653f8eb2095f0e404b1ef189090538c6e5f33bdd86c29cbb8f,44fe3a3ff34f9fc265543935fb9fde69baaa6ebbc5804be825991ac4ef6126bd,282b7727e49e973baf41a55c66563f598eb8f8b8c5d9f7fd2df183d692b72dff,1c3f91f6e0d0306e0b791359fb828dacad261e321c3d306c0df10eae8d68581c
leaf-untrusted	rejected	no_path	0			a8fd14d28766abe9ab44460336533ac60f217826f731b7103087394e4d6ed610
leaf-xc-keep	accepted	valid	1			f4a7d6aea151f635773fb4b464237a77f5b07d10fd5e519345ca97aa1064a82e,426d94fccc6eb893804f49158fa2cf67e7347fb386a7ccfe7b1a1aa2bb7fc7d6,ab2eaa520187d0f617296f407ff45962c4452b78de9a65dd9a76a52c87fdb34f
leaf-xc-one	rejected	revoked	2		5b7a03fa5e755092b0052e405ebac851209bcd55fe41f8c742932494f0da95d3	23f74b1e493ba723cd3760ca132553be193cfa5384dc1fbd75138f062d71c830,5b7a03fa5e755092b0052e405ebac851209bcd55fe41f8c742932494f0da95d3,426d94fccc6eb893804f49158fa2cf67e7347fb386a7ccfe7b1a1aa2bb7fc7d6,ab2eaa520187d0f617296f407ff45962c4452b78de9a65dd9a76a52c87fdb34f
leaf-xc-two	rejected	revoked	2		328da14ac354f340362b19823173ad7a6efe2ab1c655823a95af072cdfe3d505	3c431456e606bf54b1d8bdb58f86b6b9eb929328dd37fca998c76fef4391beaa,328da14ac354f340362b19823173ad7a6efe2ab1c655823a95af072cdfe3d505,426d94fccc6eb893804f49158fa2cf67e7347fb386a7ccfe7b1a1aa2bb7fc7d6,ab2eaa520187d0f617296f407ff45962c4452b78de9a65dd9a76a52c87fdb34f
